record_id,collection_round,route,airline,flight,departure_date,collection_time,booking_horizon,cabin,base_fare,taxes,total_fare,availability,source,quality_status
1,1,DEL-BOM,IndiGo,IN338,2026-09-15,2026-08-01,T+45,Economy,5040.0,910.0,5950.0,Available,Airline Site,Valid
2,1,DEL-BOM,IndiGo,IN833,2026-09-15,2026-08-16,T+30,Economy,6850.0,1230.0,8080.0,Available,OTA,Valid
3,1,DEL-BOM,IndiGo,IN703,2026-09-15,2026-08-31,T+15,Economy,8100.0,1460.0,9560.0,Available,Airline Site,Valid
4,1,DEL-BOM,IndiGo,IN263,2026-09-15,2026-09-08,T+7,Economy,10060.0,1810.0,11870.0,Available,OTA,Valid
5,1,DEL-BOM,IndiGo,IN320,2026-09-15,2026-09-14,T+1,Economy,9660.0,1740.0,11400.0,Available,OTA,Valid
6,1,DEL-BOM,Air India,AI467,2026-09-15,2026-08-01,T+45,Economy,5110.0,920.0,6030.0,Available,OTA,Valid
7,1,DEL-BOM,Air India,AI847,2026-09-15,2026-08-16,T+30,Economy,7170.0,1290.0,8460.0,Available,Airline Site,Valid
8,1,DEL-BOM,Air India,AI487,2026-09-15,2026-08-31,T+15,Economy,9500.0,1710.0,11210.0,Available,OTA,Valid
9,1,DEL-BOM,Air India,AI733,2026-09-15,2026-09-08,T+7,Economy,10360.0,1860.0,12220.0,Available,OTA,Valid
10,1,DEL-BOM,Air India,AI821,2026-09-15,2026-09-14,T+1,Economy,10560.0,1900.0,12460.0,Available,Airline Site,Valid
11,1,DEL-BOM,Akasa,AK975,2026-09-15,2026-08-01,T+45,Economy,5840.0,1050.0,6890.0,Available,Airline Site,Valid
12,1,DEL-BOM,Akasa,AK564,2026-09-15,2026-08-16,T+30,Economy,7770.0,1400.0,9170.0,Available,OTA,Valid
13,1,DEL-BOM,Akasa,AK463,2026-09-15,2026-08-31,T+15,Economy,9280.0,1670.0,10950.0,Available,OTA,Valid
14,1,DEL-BOM,Akasa,AK799,2026-09-15,2026-09-08,T+7,Economy,11520.0,2070.0,13590.0,Available,Airline Site,Valid
15,1,DEL-BOM,Akasa,AK350,2026-09-15,2026-09-14,T+1,Economy,11940.0,2150.0,14090.0,Available,OTA,Valid
16,1,DEL-BLR,IndiGo,IN804,2026-09-15,2026-08-01,T+45,Economy,3180.0,570.0,3750.0,Available,OTA,Valid
17,1,DEL-BLR,IndiGo,IN894,2026-09-15,2026-08-16,T+30,Economy,4480.0,810.0,5290.0,Available,Airline Site,Valid
18,1,DEL-BLR,IndiGo,IN510,2026-09-15,2026-08-31,T+15,Economy,5730.0,1030.0,6760.0,Available,Airline Site,Valid
19,1,DEL-BLR,IndiGo,IN680,2026-09-15,2026-09-08,T+7,Economy,6560.0,1180.0,7740.0,Available,OTA,Valid
20,1,DEL-BLR,IndiGo,IN611,2026-09-15,2026-09-14,T+1,Economy,6000.0,1080.0,7080.0,Available,OTA,Valid
21,1,DEL-BLR,Air India,AI862,2026-09-15,2026-08-01,T+45,Economy,3100.0,560.0,3660.0,Available,OTA,Valid
22,1,DEL-BLR,Air India,AI538,2026-09-15,2026-08-16,T+30,Economy,4310.0,780.0,5090.0,Available,OTA,Valid
23,1,DEL-BLR,Air India,AI241,2026-09-15,2026-08-31,T+15,Economy,5130.0,920.0,6050.0,Available,Airline Site,Valid
24,1,DEL-BLR,Air India,AI981,2026-09-15,2026-09-08,T+7,Economy,6180.0,1110.0,7290.0,Available,Airline Site,Valid
25,1,DEL-BLR,Air India,AI532,2026-09-15,2026-09-14,T+1,Economy,6720.0,1210.0,7930.0,Available,OTA,Valid
26,1,DEL-BLR,Akasa,AK641,2026-09-15,2026-08-01,T+45,Economy,3260.0,590.0,3850.0,Available,Airline Site,Valid
27,1,DEL-BLR,Akasa,AK217,2026-09-15,2026-08-16,T+30,Economy,4490.0,810.0,5300.0,Available,OTA,Valid
28,1,DEL-BLR,Akasa,AK448,2026-09-15,2026-08-31,T+15,Economy,5830.0,1050.0,6880.0,Available,OTA,Valid
29,1,DEL-BLR,Akasa,AK103,2026-09-15,2026-09-08,T+7,Economy,5670.0,1020.0,6690.0,Available,OTA,Valid
30,1,DEL-BLR,Akasa,AK880,2026-09-15,2026-09-14,T+1,Economy,7350.0,1320.0,8670.0,Available,Airline Site,Valid
31,1,BOM-BLR,IndiGo,IN754,2026-09-15,2026-08-01,T+45,Economy,3190.0,570.0,3760.0,Available,Airline Site,Valid
32,1,BOM-BLR,IndiGo,IN880,2026-09-15,2026-08-16,T+30,Economy,4120.0,740.0,4860.0,Available,Airline Site,Valid
33,1,BOM-BLR,IndiGo,IN600,2026-09-15,2026-08-31,T+15,Economy,5520.0,990.0,6510.0,Sold Out,OTA,Valid
34,1,BOM-BLR,IndiGo,IN951,2026-09-15,2026-09-08,T+7,Economy,6520.0,1170.0,7690.0,Available,Airline Site,Valid
35,1,BOM-BLR,IndiGo,IN999,2026-09-15,2026-09-14,T+1,Economy,5770.0,1040.0,6810.0,Available,Airline Site,Valid
36,1,BOM-BLR,Air India,AI170,2026-09-15,2026-08-01,T+45,Economy,2730.0,490.0,3220.0,Available,Airline Site,Valid
37,1,BOM-BLR,Air India,AI586,2026-09-15,2026-08-16,T+30,Economy,3520.0,630.0,4150.0,Available,Airline Site,Valid
38,1,BOM-BLR,Air India,AI993,2026-09-15,2026-08-31,T+15,Economy,4430.0,800.0,5230.0,Available,Airline Site,Valid
39,1,BOM-BLR,Air India,AI873,2026-09-15,2026-09-08,T+7,Economy,5640.0,1020.0,6660.0,Available,Airline Site,Valid
40,1,BOM-BLR,Air India,AI508,2026-09-15,2026-09-14,T+1,Economy,5820.0,1050.0,6870.0,Available,OTA,Valid
41,1,BOM-BLR,Akasa,AK223,2026-09-15,2026-08-01,T+45,Economy,2930.0,530.0,3460.0,Available,Airline Site,Valid
42,1,BOM-BLR,Akasa,AK702,2026-09-15,2026-08-16,T+30,Economy,3880.0,700.0,4580.0,Available,Airline Site,Valid
43,1,BOM-BLR,Akasa,AK824,2026-09-15,2026-08-31,T+15,Economy,4510.0,810.0,5320.0,Available,Airline Site,Valid
44,1,BOM-BLR,Akasa,AK132,2026-09-15,2026-09-08,T+7,Economy,5000.0,900.0,5900.0,Available,Airline Site,Valid
45,1,BOM-BLR,Akasa,AK385,2026-09-15,2026-09-14,T+1,Economy,5970.0,1070.0,7040.0,Available,Airline Site,Valid
46,1,DEL-CCU,IndiGo,IN684,2026-09-15,2026-08-01,T+45,Economy,4050.0,730.0,4780.0,Available,Airline Site,Valid
47,1,DEL-CCU,IndiGo,IN926,2026-09-15,2026-08-16,T+30,Economy,5660.0,1020.0,6680.0,Available,Airline Site,Valid
48,1,DEL-CCU,IndiGo,IN541,2026-09-15,2026-08-31,T+15,Economy,6340.0,1140.0,7480.0,Available,OTA,Valid
49,1,DEL-CCU,IndiGo,IN846,2026-09-15,2026-09-08,T+7,Economy,7580.0,1360.0,8940.0,Available,Airline Site,Valid
50,1,DEL-CCU,IndiGo,IN845,2026-09-15,2026-09-14,T+1,Economy,7340.0,1320.0,8660.0,Available,Airline Site,Valid
51,1,DEL-CCU,Air India,AI559,2026-09-15,2026-08-01,T+45,Economy,3820.0,690.0,4510.0,Available,Airline Site,Valid
52,1,DEL-CCU,Air India,AI355,2026-09-15,2026-08-16,T+30,Economy,5020.0,900.0,5920.0,Available,Airline Site,Valid
53,1,DEL-CCU,Air India,AI982,2026-09-15,2026-08-31,T+15,Economy,6420.0,1160.0,7580.0,Available,Airline Site,Valid
54,1,DEL-CCU,Air India,AI653,2026-09-15,2026-09-08,T+7,Economy,6480.0,1170.0,7650.0,Available,Airline Site,Valid
55,1,DEL-CCU,Air India,AI969,2026-09-15,2026-09-14,T+1,Economy,8540.0,1540.0,10080.0,Available,OTA,Valid
56,1,DEL-CCU,Akasa,AK510,2026-09-15,2026-08-01,T+45,Economy,4010.0,720.0,4730.0,Available,Airline Site,Valid
57,1,DEL-CCU,Akasa,AK499,2026-09-15,2026-08-16,T+30,Economy,5330.0,960.0,6290.0,Available,OTA,Valid
58,1,DEL-CCU,Akasa,AK813,2026-09-15,2026-08-31,T+15,Economy,6530.0,1180.0,7710.0,Available,OTA,Valid
59,1,DEL-CCU,Akasa,AK403,2026-09-15,2026-09-08,T+7,Economy,6980.0,1260.0,8240.0,Available,Airline Site,Valid
60,1,DEL-CCU,Akasa,AK655,2026-09-15,2026-09-14,T+1,Economy,8280.0,1490.0,9770.0,Available,OTA,Valid
61,1,DEL-HYD,IndiGo,IN614,2026-09-15,2026-08-01,T+45,Economy,3560.0,640.0,4200.0,Available,Airline Site,Valid
62,1,DEL-HYD,IndiGo,IN620,2026-09-15,2026-08-16,T+30,Economy,4540.0,820.0,5360.0,Available,Airline Site,Valid
63,1,DEL-HYD,IndiGo,IN169,2026-09-15,2026-08-31,T+15,Economy,5530.0,1000.0,6530.0,Available,Airline Site,Valid
64,1,DEL-HYD,IndiGo,IN683,2026-09-15,2026-09-08,T+7,Economy,6560.0,1180.0,7740.0,Available,Airline Site,Valid
65,1,DEL-HYD,IndiGo,IN529,2026-09-15,2026-09-14,T+1,Economy,7410.0,1330.0,8740.0,Available,OTA,Valid
66,1,DEL-HYD,Air India,AI833,2026-09-15,2026-08-01,T+45,Economy,4220.0,760.0,4980.0,Available,OTA,Valid
67,1,DEL-HYD,Air India,AI787,2026-09-15,2026-08-16,T+30,Economy,5630.0,1010.0,6640.0,Available,OTA,Valid
68,1,DEL-HYD,Air India,AI869,2026-09-15,2026-08-31,T+15,Economy,6920.0,1250.0,8170.0,Available,Airline Site,Valid
69,1,DEL-HYD,Air India,AI676,2026-09-15,2026-09-08,T+7,Economy,7900.0,1420.0,9320.0,Available,Airline Site,Valid
70,1,DEL-HYD,Air India,AI618,2026-09-15,2026-09-14,T+1,Economy,8640.0,1560.0,10200.0,Available,OTA,Valid
71,1,DEL-HYD,Akasa,AK478,2026-09-15,2026-08-01,T+45,Economy,4180.0,750.0,4930.0,Available,OTA,Valid
72,1,DEL-HYD,Akasa,AK820,2026-09-15,2026-08-16,T+30,Economy,5880.0,1060.0,6940.0,Available,Airline Site,Valid
73,1,DEL-HYD,Akasa,AK667,2026-09-15,2026-08-31,T+15,Economy,7350.0,1320.0,8670.0,Available,Airline Site,Valid
74,1,DEL-HYD,Akasa,AK237,2026-09-15,2026-09-08,T+7,Economy,8670.0,1560.0,10230.0,Available,Airline Site,Valid
75,1,DEL-HYD,Akasa,AK259,2026-09-15,2026-09-14,T+1,Economy,8980.0,1620.0,10600.0,Available,Airline Site,Valid
76,1,BOM-HYD,IndiGo,IN749,2026-09-15,2026-08-01,T+45,Economy,3960.0,710.0,4670.0,Available,OTA,Valid
77,1,BOM-HYD,IndiGo,IN966,2026-09-15,2026-08-16,T+30,Economy,5190.0,930.0,6120.0,Available,OTA,Valid
78,1,BOM-HYD,IndiGo,IN145,2026-09-15,2026-08-31,T+15,Economy,7170.0,1290.0,8460.0,Sold Out,Airline Site,Valid
79,1,BOM-HYD,IndiGo,IN368,2026-09-15,2026-09-08,T+7,Economy,7710.0,1390.0,9100.0,Available,OTA,Valid
80,1,BOM-HYD,IndiGo,IN537,2026-09-15,2026-09-14,T+1,Economy,8130.0,1460.0,9590.0,Available,Airline Site,Valid
81,1,BOM-HYD,Air India,AI252,2026-09-15,2026-08-01,T+45,Economy,3490.0,630.0,4120.0,Available,OTA,Valid
82,1,BOM-HYD,Air India,AI251,2026-09-15,2026-08-16,T+30,Economy,4750.0,860.0,5610.0,Available,Airline Site,Valid
83,1,BOM-HYD,Air India,AI915,2026-09-15,2026-08-31,T+15,Economy,5700.0,1030.0,6730.0,Available,Airline Site,Valid
84,1,BOM-HYD,Air India,AI315,2026-09-15,2026-09-08,T+7,Economy,7160.0,1290.0,8450.0,Available,Airline Site,Valid
85,1,BOM-HYD,Air India,AI673,2026-09-15,2026-09-14,T+1,Economy,6810.0,1230.0,8040.0,Available,OTA,Valid
86,1,BOM-HYD,Akasa,AK342,2026-09-15,2026-08-01,T+45,Economy,4160.0,750.0,4910.0,Available,Airline Site,Valid
87,1,BOM-HYD,Akasa,AK125,2026-09-15,2026-08-16,T+30,Economy,5870.0,1060.0,6930.0,Available,OTA,Valid
88,1,BOM-HYD,Akasa,AK521,2026-09-15,2026-08-31,T+15,Economy,7460.0,1340.0,8800.0,Available,Airline Site,Valid
89,1,BOM-HYD,Akasa,AK906,2026-09-15,2026-09-08,T+7,Economy,7430.0,1340.0,8770.0,Available,OTA,Valid
90,1,BOM-HYD,Akasa,AK979,2026-09-15,2026-09-14,T+1,Economy,9180.0,1650.0,10830.0,Available,Airline Site,Valid
91,1,BLR-HYD,IndiGo,IN412,2026-09-15,2026-08-01,T+45,Economy,3670.0,660.0,4330.0,Available,Airline Site,Valid
92,1,BLR-HYD,IndiGo,IN775,2026-09-15,2026-08-16,T+30,Economy,4780.0,860.0,5640.0,Available,OTA,Valid
93,1,BLR-HYD,IndiGo,IN171,2026-09-15,2026-08-31,T+15,Economy,5960.0,1070.0,7030.0,Available,OTA,Valid
94,1,BLR-HYD,IndiGo,IN621,2026-09-15,2026-09-08,T+7,Economy,6680.0,1200.0,7880.0,Available,OTA,Valid
95,1,BLR-HYD,IndiGo,IN218,2026-09-15,2026-09-14,T+1,Economy,8210.0,1480.0,9690.0,Available,OTA,Valid
96,1,BLR-HYD,Air India,AI371,2026-09-15,2026-08-01,T+45,Economy,3230.0,580.0,3810.0,Sold Out,OTA,Valid
97,1,BLR-HYD,Air India,AI905,2026-09-15,2026-08-16,T+30,Economy,4280.0,770.0,5050.0,Available,Airline Site,Valid
98,1,BLR-HYD,Air India,AI690,2026-09-15,2026-08-31,T+15,Economy,5370.0,970.0,6340.0,Available,Airline Site,Valid
99,1,BLR-HYD,Air India,AI101,2026-09-15,2026-09-08,T+7,Economy,6390.0,1150.0,7540.0,Available,Airline Site,Valid
100,1,BLR-HYD,Air India,AI171,2026-09-15,2026-09-14,T+1,Economy,6340.0,1140.0,7480.0,Available,OTA,Valid
101,1,BLR-HYD,Akasa,AK227,2026-09-15,2026-08-01,T+45,Economy,3530.0,640.0,4170.0,Available,OTA,Valid
102,1,BLR-HYD,Akasa,AK782,2026-09-15,2026-08-16,T+30,Economy,4780.0,860.0,5640.0,Available,OTA,Valid
103,1,BLR-HYD,Akasa,AK667,2026-09-15,2026-08-31,T+15,Economy,6240.0,1120.0,7360.0,Available,OTA,Valid
104,1,BLR-HYD,Akasa,AK488,2026-09-15,2026-09-08,T+7,Economy,6910.0,1240.0,8150.0,Available,Airline Site,Valid
105,1,BLR-HYD,Akasa,AK408,2026-09-15,2026-09-14,T+1,Economy,7360.0,1320.0,8680.0,Available,Airline Site,Valid
106,1,DEL-MAA,IndiGo,IN904,2026-09-15,2026-08-01,T+45,Economy,3170.0,570.0,3740.0,Available,OTA,Valid
107,1,DEL-MAA,IndiGo,IN552,2026-09-15,2026-08-16,T+30,Economy,4260.0,770.0,5030.0,Available,OTA,Valid
108,1,DEL-MAA,IndiGo,IN915,2026-09-15,2026-08-31,T+15,Economy,5700.0,1030.0,6730.0,Available,Airline Site,Valid
109,1,DEL-MAA,IndiGo,IN779,2026-09-15,2026-09-08,T+7,Economy,5690.0,1020.0,6710.0,Available,OTA,Valid
110,1,DEL-MAA,IndiGo,IN869,2026-09-15,2026-09-14,T+1,Economy,5790.0,1040.0,6830.0,Available,OTA,Valid
111,1,DEL-MAA,Air India,AI125,2026-09-15,2026-08-01,T+45,Economy,3120.0,560.0,3680.0,Sold Out,OTA,Valid
112,1,DEL-MAA,Air India,AI886,2026-09-15,2026-08-16,T+30,Economy,4270.0,770.0,5040.0,Available,OTA,Valid
113,1,DEL-MAA,Air India,AI689,2026-09-15,2026-08-31,T+15,Economy,5700.0,1030.0,6730.0,Available,OTA,Valid
114,1,DEL-MAA,Air India,AI349,2026-09-15,2026-09-08,T+7,Economy,5870.0,1060.0,6930.0,Available,Airline Site,Valid
115,1,DEL-MAA,Air India,AI981,2026-09-15,2026-09-14,T+1,Economy,6920.0,1250.0,8170.0,Available,Airline Site,Valid
116,1,DEL-MAA,Akasa,AK923,2026-09-15,2026-08-01,T+45,Economy,3480.0,630.0,4110.0,Available,OTA,Valid
117,1,DEL-MAA,Akasa,AK355,2026-09-15,2026-08-16,T+30,Economy,4430.0,800.0,5230.0,Available,Airline Site,Valid
118,1,DEL-MAA,Akasa,AK920,2026-09-15,2026-08-31,T+15,Economy,5860.0,1050.0,6910.0,Available,OTA,Valid
119,1,DEL-MAA,Akasa,AK553,2026-09-15,2026-09-08,T+7,Economy,7220.0,1300.0,8520.0,Available,OTA,Valid
120,1,DEL-MAA,Akasa,AK661,2026-09-15,2026-09-14,T+1,Economy,7600.0,1370.0,8970.0,Available,Airline Site,Valid
121,1,BOM-MAA,IndiGo,IN365,2026-09-15,2026-08-01,T+45,Economy,5400.0,970.0,6370.0,Available,OTA,Valid
122,1,BOM-MAA,IndiGo,IN633,2026-09-15,2026-08-16,T+30,Economy,7530.0,1360.0,8890.0,Available,Airline Site,Valid
123,1,BOM-MAA,IndiGo,IN179,2026-09-15,2026-08-31,T+15,Economy,8770.0,1580.0,10350.0,Available,Airline Site,Valid
124,1,BOM-MAA,IndiGo,IN427,2026-09-15,2026-09-08,T+7,Economy,9660.0,1740.0,11400.0,Available,Airline Site,Valid
125,1,BOM-MAA,IndiGo,IN336,2026-09-15,2026-09-14,T+1,Economy,9990.0,1800.0,11790.0,Available,Airline Site,Valid
126,1,BOM-MAA,Air India,AI517,2026-09-15,2026-08-01,T+45,Economy,5360.0,960.0,6320.0,Available,OTA,Valid
127,1,BOM-MAA,Air India,AI311,2026-09-15,2026-08-16,T+30,Economy,7160.0,1290.0,8450.0,Available,OTA,Valid
128,1,BOM-MAA,Air India,AI698,2026-09-15,2026-08-31,T+15,Economy,9840.0,1770.0,11610.0,Available,Airline Site,Valid
129,1,BOM-MAA,Air India,AI883,2026-09-15,2026-09-08,T+7,Economy,10920.0,1970.0,12890.0,Available,OTA,Valid
130,1,BOM-MAA,Air India,AI460,2026-09-15,2026-09-14,T+1,Economy,9570.0,1720.0,11290.0,Available,OTA,Valid
131,1,BOM-MAA,Akasa,AK529,2026-09-15,2026-08-01,T+45,Economy,5510.0,990.0,6500.0,Available,Airline Site,Valid
132,1,BOM-MAA,Akasa,AK379,2026-09-15,2026-08-16,T+30,Economy,7430.0,1340.0,8770.0,Available,Airline Site,Valid
133,1,BOM-MAA,Akasa,AK784,2026-09-15,2026-08-31,T+15,Economy,9160.0,1650.0,10810.0,Available,OTA,Valid
134,1,BOM-MAA,Akasa,AK960,2026-09-15,2026-09-08,T+7,Economy,10920.0,1970.0,12890.0,Available,Airline Site,Valid
135,1,BOM-MAA,Akasa,AK646,2026-09-15,2026-09-14,T+1,Economy,12460.0,2240.0,14700.0,Sold Out,OTA,Valid
136,1,CCU-BLR,IndiGo,IN185,2026-09-15,2026-08-01,T+45,Economy,3290.0,590.0,3880.0,Available,Airline Site,Valid
137,1,CCU-BLR,IndiGo,IN286,2026-09-15,2026-08-16,T+30,Economy,4640.0,840.0,5480.0,Available,OTA,Valid
138,1,CCU-BLR,IndiGo,IN565,2026-09-15,2026-08-31,T+15,Economy,5400.0,970.0,6370.0,Available,OTA,Valid
139,1,CCU-BLR,IndiGo,IN951,2026-09-15,2026-09-08,T+7,Economy,5900.0,1060.0,6960.0,Available,Airline Site,Valid
140,1,CCU-BLR,IndiGo,IN867,2026-09-15,2026-09-14,T+1,Economy,6620.0,1190.0,7810.0,Available,OTA,Valid
141,1,CCU-BLR,Air India,AI767,2026-09-15,2026-08-01,T+45,Economy,3060.0,550.0,3610.0,Sold Out,Airline Site,Valid
142,1,CCU-BLR,Air India,AI304,2026-09-15,2026-08-16,T+30,Economy,4350.0,780.0,5130.0,Available,Airline Site,Valid
143,1,CCU-BLR,Air India,AI584,2026-09-15,2026-08-31,T+15,Economy,4930.0,890.0,5820.0,Available,Airline Site,Valid
144,1,CCU-BLR,Air India,AI362,2026-09-15,2026-09-08,T+7,Economy,5720.0,1030.0,6750.0,Available,Airline Site,Valid
145,1,CCU-BLR,Air India,AI865,2026-09-15,2026-09-14,T+1,Economy,6350.0,1140.0,7490.0,Available,Airline Site,Valid
146,1,CCU-BLR,Akasa,AK126,2026-09-15,2026-08-01,T+45,Economy,3530.0,640.0,4170.0,Available,OTA,Valid
147,1,CCU-BLR,Akasa,AK832,2026-09-15,2026-08-16,T+30,Economy,4700.0,850.0,5550.0,Available,Airline Site,Valid
148,1,CCU-BLR,Akasa,AK891,2026-09-15,2026-08-31,T+15,Economy,5520.0,990.0,6510.0,Available,Airline Site,Valid
149,1,CCU-BLR,Akasa,AK679,2026-09-15,2026-09-08,T+7,Economy,7090.0,1280.0,8370.0,Available,OTA,Valid
150,1,CCU-BLR,Akasa,AK777,2026-09-15,2026-09-14,T+1,Economy,7200.0,1300.0,8500.0,Available,OTA,Valid
151,2,DEL-BOM,IndiGo,IN543,2026-09-22,2026-08-08,T+45,Economy,5410.0,970.0,6380.0,Available,OTA,Valid
152,2,DEL-BOM,IndiGo,IN545,2026-09-22,2026-08-23,T+30,Economy,7500.0,1350.0,8850.0,Available,OTA,Valid
153,2,DEL-BOM,IndiGo,IN651,2026-09-22,2026-09-07,T+15,Economy,9410.0,1690.0,11100.0,Available,OTA,Valid
154,2,DEL-BOM,IndiGo,IN848,2026-09-22,2026-09-15,T+7,Economy,10070.0,1810.0,11880.0,Available,OTA,Valid
155,2,DEL-BOM,IndiGo,IN950,2026-09-22,2026-09-21,T+1,Economy,11900.0,2140.0,14040.0,Available,OTA,Valid
156,2,DEL-BOM,Air India,AI575,2026-09-22,2026-08-08,T+45,Economy,5910.0,1060.0,6970.0,Available,OTA,Valid
157,2,DEL-BOM,Air India,AI606,2026-09-22,2026-08-23,T+30,Economy,7820.0,1410.0,9230.0,Available,Airline Site,Valid
158,2,DEL-BOM,Air India,AI463,2026-09-22,2026-09-07,T+15,Economy,10030.0,1810.0,11840.0,Available,OTA,Valid
159,2,DEL-BOM,Air India,AI710,2026-09-22,2026-09-15,T+7,Economy,10600.0,1910.0,12510.0,Available,OTA,Valid
160,2,DEL-BOM,Air India,AI629,2026-09-22,2026-09-21,T+1,Economy,12140.0,2190.0,14330.0,Available,Airline Site,Valid
161,2,DEL-BOM,Akasa,AK668,2026-09-22,2026-08-08,T+45,Economy,5220.0,940.0,6160.0,Available,OTA,Valid
162,2,DEL-BOM,Akasa,AK602,2026-09-22,2026-08-23,T+30,Economy,7180.0,1290.0,8470.0,Available,Airline Site,Valid
163,2,DEL-BOM,Akasa,AK326,2026-09-22,2026-09-07,T+15,Economy,8170.0,1470.0,9640.0,Available,Airline Site,Valid
164,2,DEL-BOM,Akasa,AK695,2026-09-22,2026-09-15,T+7,Economy,9420.0,1700.0,11120.0,Available,OTA,Valid
165,2,DEL-BOM,Akasa,AK863,2026-09-22,2026-09-21,T+1,Economy,10390.0,1870.0,12260.0,Available,OTA,Valid
166,2,DEL-BLR,IndiGo,IN357,2026-09-22,2026-08-08,T+45,Economy,3440.0,620.0,4060.0,Available,Airline Site,Valid
167,2,DEL-BLR,IndiGo,IN860,2026-09-22,2026-08-23,T+30,Economy,4530.0,820.0,5350.0,Available,Airline Site,Valid
168,2,DEL-BLR,IndiGo,IN856,2026-09-22,2026-09-07,T+15,Economy,5490.0,990.0,6480.0,Available,OTA,Valid
169,2,DEL-BLR,IndiGo,IN952,2026-09-22,2026-09-15,T+7,Economy,7180.0,1290.0,8470.0,Available,Airline Site,Valid
170,2,DEL-BLR,IndiGo,IN409,2026-09-22,2026-09-21,T+1,Economy,6730.0,1210.0,7940.0,Sold Out,Airline Site,Valid
171,2,DEL-BLR,Air India,AI666,2026-09-22,2026-08-08,T+45,Economy,3160.0,570.0,3730.0,Available,Airline Site,Valid
172,2,DEL-BLR,Air India,AI870,2026-09-22,2026-08-23,T+30,Economy,4340.0,780.0,5120.0,Available,Airline Site,Valid
173,2,DEL-BLR,Air India,AI580,2026-09-22,2026-09-07,T+15,Economy,5450.0,980.0,6430.0,Available,OTA,Valid
174,2,DEL-BLR,Air India,AI152,2026-09-22,2026-09-15,T+7,Economy,5540.0,1000.0,6540.0,Available,OTA,Valid
175,2,DEL-BLR,Air India,AI166,2026-09-22,2026-09-21,T+1,Economy,5810.0,1050.0,6860.0,Available,Airline Site,Valid
176,2,DEL-BLR,Akasa,AK255,2026-09-22,2026-08-08,T+45,Economy,3360.0,600.0,3960.0,Available,OTA,Valid
177,2,DEL-BLR,Akasa,AK354,2026-09-22,2026-08-23,T+30,Economy,4300.0,770.0,5070.0,Available,OTA,Valid
178,2,DEL-BLR,Akasa,AK909,2026-09-22,2026-09-07,T+15,Economy,5820.0,1050.0,6870.0,Available,OTA,Valid
179,2,DEL-BLR,Akasa,AK553,2026-09-22,2026-09-15,T+7,Economy,6260.0,1130.0,7390.0,Available,OTA,Valid
180,2,DEL-BLR,Akasa,AK735,2026-09-22,2026-09-21,T+1,Economy,6480.0,1170.0,7650.0,Available,Airline Site,Valid
181,2,BOM-BLR,IndiGo,IN316,2026-09-22,2026-08-08,T+45,Economy,3200.0,580.0,3780.0,Available,Airline Site,Valid
182,2,BOM-BLR,IndiGo,IN277,2026-09-22,2026-08-23,T+30,Economy,4140.0,750.0,4890.0,Available,Airline Site,Valid
183,2,BOM-BLR,IndiGo,IN561,2026-09-22,2026-09-07,T+15,Economy,4920.0,890.0,5810.0,Available,OTA,Valid
184,2,BOM-BLR,IndiGo,IN337,2026-09-22,2026-09-15,T+7,Economy,5760.0,1040.0,6800.0,Available,OTA,Valid
185,2,BOM-BLR,IndiGo,IN564,2026-09-22,2026-09-21,T+1,Economy,6810.0,1230.0,8040.0,Available,Airline Site,Valid
186,2,BOM-BLR,Air India,AI740,2026-09-22,2026-08-08,T+45,Economy,3190.0,570.0,3760.0,Available,Airline Site,Valid
187,2,BOM-BLR,Air India,AI657,2026-09-22,2026-08-23,T+30,Economy,4270.0,770.0,5040.0,Available,Airline Site,Valid
188,2,BOM-BLR,Air India,AI946,2026-09-22,2026-09-07,T+15,Economy,5860.0,1050.0,6910.0,Available,Airline Site,Valid
189,2,BOM-BLR,Air India,AI414,2026-09-22,2026-09-15,T+7,Economy,5570.0,1000.0,6570.0,Available,OTA,Valid
190,2,BOM-BLR,Air India,AI579,2026-09-22,2026-09-21,T+1,Economy,6370.0,1150.0,7520.0,Available,OTA,Valid
191,2,BOM-BLR,Akasa,AK605,2026-09-22,2026-08-08,T+45,Economy,3200.0,580.0,3780.0,Available,Airline Site,Valid
192,2,BOM-BLR,Akasa,AK852,2026-09-22,2026-08-23,T+30,Economy,4530.0,820.0,5350.0,Available,OTA,Valid
193,2,BOM-BLR,Akasa,AK334,2026-09-22,2026-09-07,T+15,Economy,4940.0,890.0,5830.0,Available,Airline Site,Valid
194,2,BOM-BLR,Akasa,AK788,2026-09-22,2026-09-15,T+7,Economy,6720.0,1210.0,7930.0,Available,Airline Site,Valid
195,2,BOM-BLR,Akasa,AK279,2026-09-22,2026-09-21,T+1,Economy,6900.0,1240.0,8140.0,Available,OTA,Valid
196,2,DEL-CCU,IndiGo,IN699,2026-09-22,2026-08-08,T+45,Economy,4310.0,780.0,5090.0,Available,OTA,Valid
197,2,DEL-CCU,IndiGo,IN581,2026-09-22,2026-08-23,T+30,Economy,6160.0,1110.0,7270.0,Available,OTA,Valid
198,2,DEL-CCU,IndiGo,IN207,2026-09-22,2026-09-07,T+15,Economy,7070.0,1270.0,8340.0,Available,OTA,Valid
199,2,DEL-CCU,IndiGo,IN607,2026-09-22,2026-09-15,T+7,Economy,7970.0,1430.0,9400.0,Available,OTA,Valid
200,2,DEL-CCU,IndiGo,IN663,2026-09-22,2026-09-21,T+1,Economy,9400.0,1690.0,11090.0,Sold Out,Airline Site,Valid
201,2,DEL-CCU,Air India,AI891,2026-09-22,2026-08-08,T+45,Economy,3840.0,690.0,4530.0,Available,Airline Site,Valid
202,2,DEL-CCU,Air India,AI655,2026-09-22,2026-08-23,T+30,Economy,5290.0,950.0,6240.0,Available,Airline Site,Valid
203,2,DEL-CCU,Air India,AI470,2026-09-22,2026-09-07,T+15,Economy,6130.0,1100.0,7230.0,Available,OTA,Valid
204,2,DEL-CCU,Air India,AI878,2026-09-22,2026-09-15,T+7,Economy,7450.0,1340.0,8790.0,Available,OTA,Valid
205,2,DEL-CCU,Air India,AI394,2026-09-22,2026-09-21,T+1,Economy,7880.0,1420.0,9300.0,Available,OTA,Valid
206,2,DEL-CCU,Akasa,AK723,2026-09-22,2026-08-08,T+45,Economy,3690.0,660.0,4350.0,Available,Airline Site,Valid
207,2,DEL-CCU,Akasa,AK114,2026-09-22,2026-08-23,T+30,Economy,4860.0,870.0,5730.0,Available,Airline Site,Valid
208,2,DEL-CCU,Akasa,AK961,2026-09-22,2026-09-07,T+15,Economy,5930.0,1070.0,7000.0,Available,OTA,Valid
209,2,DEL-CCU,Akasa,AK763,2026-09-22,2026-09-15,T+7,Economy,7660.0,1380.0,9040.0,Available,OTA,Valid
210,2,DEL-CCU,Akasa,AK398,2026-09-22,2026-09-21,T+1,Economy,8260.0,1490.0,9750.0,Available,OTA,Valid
211,2,DEL-HYD,IndiGo,IN583,2026-09-22,2026-08-08,T+45,Economy,3800.0,680.0,4480.0,Available,Airline Site,Valid
212,2,DEL-HYD,IndiGo,IN713,2026-09-22,2026-08-23,T+30,Economy,5050.0,910.0,5960.0,Available,Airline Site,Valid
213,2,DEL-HYD,IndiGo,IN382,2026-09-22,2026-09-07,T+15,Economy,6910.0,1240.0,8150.0,Available,OTA,Valid
214,2,DEL-HYD,IndiGo,IN906,2026-09-22,2026-09-15,T+7,Economy,6910.0,1240.0,8150.0,Available,Airline Site,Valid
215,2,DEL-HYD,IndiGo,IN405,2026-09-22,2026-09-21,T+1,Economy,7290.0,1310.0,8600.0,Available,OTA,Valid
216,2,DEL-HYD,Air India,AI595,2026-09-22,2026-08-08,T+45,Economy,4140.0,750.0,4890.0,Available,OTA,Valid
217,2,DEL-HYD,Air India,AI429,2026-09-22,2026-08-23,T+30,Economy,5550.0,1000.0,6550.0,Available,Airline Site,Valid
218,2,DEL-HYD,Air India,AI339,2026-09-22,2026-09-07,T+15,Economy,7130.0,1280.0,8410.0,Available,OTA,Valid
219,2,DEL-HYD,Air India,AI862,2026-09-22,2026-09-15,T+7,Economy,7010.0,1260.0,8270.0,Available,OTA,Valid
220,2,DEL-HYD,Air India,AI779,2026-09-22,2026-09-21,T+1,Economy,8150.0,1470.0,9620.0,Available,Airline Site,Valid
221,2,DEL-HYD,Akasa,AK614,2026-09-22,2026-08-08,T+45,Economy,3860.0,690.0,4550.0,Available,OTA,Valid
222,2,DEL-HYD,Akasa,AK995,2026-09-22,2026-08-23,T+30,Economy,5440.0,980.0,6420.0,Available,Airline Site,Valid
223,2,DEL-HYD,Akasa,AK567,2026-09-22,2026-09-07,T+15,Economy,6590.0,1190.0,7780.0,Sold Out,Airline Site,Valid
224,2,DEL-HYD,Akasa,AK770,2026-09-22,2026-09-15,T+7,Economy,7130.0,1280.0,8410.0,Available,Airline Site,Valid
225,2,DEL-HYD,Akasa,AK371,2026-09-22,2026-09-21,T+1,Economy,7760.0,1400.0,9160.0,Available,OTA,Valid
226,2,BOM-HYD,IndiGo,IN972,2026-09-22,2026-08-08,T+45,Economy,3880.0,700.0,4580.0,Available,OTA,Valid
227,2,BOM-HYD,IndiGo,IN741,2026-09-22,2026-08-23,T+30,Economy,5530.0,1000.0,6530.0,Available,OTA,Valid
228,2,BOM-HYD,IndiGo,IN136,2026-09-22,2026-09-07,T+15,Economy,7080.0,1270.0,8350.0,Available,Airline Site,Valid
229,2,BOM-HYD,IndiGo,IN394,2026-09-22,2026-09-15,T+7,Economy,7540.0,1360.0,8900.0,Available,Airline Site,Valid
230,2,BOM-HYD,IndiGo,IN200,2026-09-22,2026-09-21,T+1,Economy,7740.0,1390.0,9130.0,Available,Airline Site,Valid
231,2,BOM-HYD,Air India,AI129,2026-09-22,2026-08-08,T+45,Economy,3730.0,670.0,4400.0,Sold Out,Airline Site,Valid
232,2,BOM-HYD,Air India,AI483,2026-09-22,2026-08-23,T+30,Economy,4910.0,880.0,5790.0,Available,Airline Site,Valid
233,2,BOM-HYD,Air India,AI679,2026-09-22,2026-09-07,T+15,Economy,6380.0,1150.0,7530.0,Available,Airline Site,Valid
234,2,BOM-HYD,Air India,AI180,2026-09-22,2026-09-15,T+7,Economy,6510.0,1170.0,7680.0,Available,OTA,Valid
235,2,BOM-HYD,Air India,AI346,2026-09-22,2026-09-21,T+1,Economy,7770.0,1400.0,9170.0,Available,Airline Site,Valid
236,2,BOM-HYD,Akasa,AK570,2026-09-22,2026-08-08,T+45,Economy,3570.0,640.0,4210.0,Available,Airline Site,Valid
237,2,BOM-HYD,Akasa,AK576,2026-09-22,2026-08-23,T+30,Economy,5060.0,910.0,5970.0,Available,Airline Site,Valid
238,2,BOM-HYD,Akasa,AK453,2026-09-22,2026-09-07,T+15,Economy,5570.0,1000.0,6570.0,Available,OTA,Valid
239,2,BOM-HYD,Akasa,AK534,2026-09-22,2026-09-15,T+7,Economy,6950.0,1250.0,8200.0,Available,OTA,Valid
240,2,BOM-HYD,Akasa,AK303,2026-09-22,2026-09-21,T+1,Economy,7840.0,1410.0,9250.0,Available,OTA,Valid
241,2,BLR-HYD,IndiGo,IN467,2026-09-22,2026-08-08,T+45,Economy,3160.0,570.0,3730.0,Available,OTA,Valid
242,2,BLR-HYD,IndiGo,IN949,2026-09-22,2026-08-23,T+30,Economy,4010.0,720.0,4730.0,Available,OTA,Valid
243,2,BLR-HYD,IndiGo,IN985,2026-09-22,2026-09-07,T+15,Economy,4850.0,870.0,5720.0,Available,Airline Site,Valid
244,2,BLR-HYD,IndiGo,IN863,2026-09-22,2026-09-15,T+7,Economy,6510.0,1170.0,7680.0,Available,OTA,Valid
245,2,BLR-HYD,IndiGo,IN335,2026-09-22,2026-09-21,T+1,Economy,6830.0,1230.0,8060.0,Available,OTA,Valid
246,2,BLR-HYD,Air India,AI356,2026-09-22,2026-08-08,T+45,Economy,3230.0,580.0,3810.0,Available,Airline Site,Valid
247,2,BLR-HYD,Air India,AI742,2026-09-22,2026-08-23,T+30,Economy,4430.0,800.0,5230.0,Available,OTA,Valid
248,2,BLR-HYD,Air India,AI134,2026-09-22,2026-09-07,T+15,Economy,5810.0,1050.0,6860.0,Available,Airline Site,Valid
249,2,BLR-HYD,Air India,AI402,2026-09-22,2026-09-15,T+7,Economy,5540.0,1000.0,6540.0,Available,OTA,Valid
250,2,BLR-HYD,Air India,AI235,2026-09-22,2026-09-21,T+1,Economy,6040.0,1090.0,7130.0,Available,OTA,Valid
251,2,BLR-HYD,Akasa,AK950,2026-09-22,2026-08-08,T+45,Economy,3440.0,620.0,4060.0,Available,OTA,Valid
252,2,BLR-HYD,Akasa,AK402,2026-09-22,2026-08-23,T+30,Economy,4920.0,890.0,5810.0,Available,OTA,Valid
253,2,BLR-HYD,Akasa,AK579,2026-09-22,2026-09-07,T+15,Economy,6200.0,1120.0,7320.0,Available,Airline Site,Valid
254,2,BLR-HYD,Akasa,AK331,2026-09-22,2026-09-15,T+7,Economy,6860.0,1230.0,8090.0,Available,OTA,Valid
255,2,BLR-HYD,Akasa,AK923,2026-09-22,2026-09-21,T+1,Economy,7760.0,1400.0,9160.0,Available,Airline Site,Valid
256,2,DEL-MAA,IndiGo,IN649,2026-09-22,2026-08-08,T+45,Economy,3450.0,620.0,4070.0,Available,OTA,Valid
257,2,DEL-MAA,IndiGo,IN788,2026-09-22,2026-08-23,T+30,Economy,4760.0,860.0,5620.0,Available,OTA,Valid
258,2,DEL-MAA,IndiGo,IN480,2026-09-22,2026-09-07,T+15,Economy,6240.0,1120.0,7360.0,Available,Airline Site,Valid
259,2,DEL-MAA,IndiGo,IN734,2026-09-22,2026-09-15,T+7,Economy,6470.0,1160.0,7630.0,Available,OTA,Valid
260,2,DEL-MAA,IndiGo,IN326,2026-09-22,2026-09-21,T+1,Economy,7700.0,1390.0,9090.0,Available,OTA,Valid
261,2,DEL-MAA,Air India,AI518,2026-09-22,2026-08-08,T+45,Economy,3530.0,640.0,4170.0,Available,Airline Site,Valid
262,2,DEL-MAA,Air India,AI411,2026-09-22,2026-08-23,T+30,Economy,5030.0,910.0,5940.0,Available,Airline Site,Valid
263,2,DEL-MAA,Air India,AI650,2026-09-22,2026-09-07,T+15,Economy,5530.0,1000.0,6530.0,Available,OTA,Valid
264,2,DEL-MAA,Air India,AI860,2026-09-22,2026-09-15,T+7,Economy,6470.0,1160.0,7630.0,Available,OTA,Valid
265,2,DEL-MAA,Air India,AI844,2026-09-22,2026-09-21,T+1,Economy,7300.0,1310.0,8610.0,Available,OTA,Valid
266,2,DEL-MAA,Akasa,AK730,2026-09-22,2026-08-08,T+45,Economy,3370.0,610.0,3980.0,Available,OTA,Valid
267,2,DEL-MAA,Akasa,AK479,2026-09-22,2026-08-23,T+30,Economy,4280.0,770.0,5050.0,Available,OTA,Valid
268,2,DEL-MAA,Akasa,AK975,2026-09-22,2026-09-07,T+15,Economy,6230.0,1120.0,7350.0,Available,OTA,Valid
269,2,DEL-MAA,Akasa,AK760,2026-09-22,2026-09-15,T+7,Economy,6420.0,1160.0,7580.0,Available,OTA,Valid
270,2,DEL-MAA,Akasa,AK225,2026-09-22,2026-09-21,T+1,Economy,6450.0,1160.0,7610.0,Available,OTA,Valid
271,2,BOM-MAA,IndiGo,IN754,2026-09-22,2026-08-08,T+45,Economy,4700.0,850.0,5550.0,Available,Airline Site,Valid
272,2,BOM-MAA,IndiGo,IN441,2026-09-22,2026-08-23,T+30,Economy,5990.0,1080.0,7070.0,Available,Airline Site,Valid
273,2,BOM-MAA,IndiGo,IN310,2026-09-22,2026-09-07,T+15,Economy,8440.0,1520.0,9960.0,Available,Airline Site,Valid
274,2,BOM-MAA,IndiGo,IN932,2026-09-22,2026-09-15,T+7,Economy,9040.0,1630.0,10670.0,Available,OTA,Valid
275,2,BOM-MAA,IndiGo,IN907,2026-09-22,2026-09-21,T+1,Economy,10160.0,1830.0,11990.0,Available,Airline Site,Valid
276,2,BOM-MAA,Air India,AI233,2026-09-22,2026-08-08,T+45,Economy,4890.0,880.0,5770.0,Available,Airline Site,Valid
277,2,BOM-MAA,Air India,AI987,2026-09-22,2026-08-23,T+30,Economy,6280.0,1130.0,7410.0,Sold Out,Airline Site,Valid
278,2,BOM-MAA,Air India,AI907,2026-09-22,2026-09-07,T+15,Economy,8080.0,1450.0,9530.0,Available,OTA,Valid
279,2,BOM-MAA,Air India,AI371,2026-09-22,2026-09-15,T+7,Economy,8220.0,1480.0,9700.0,Available,OTA,Valid
280,2,BOM-MAA,Air India,AI863,2026-09-22,2026-09-21,T+1,Economy,9960.0,1790.0,11750.0,Available,OTA,Valid
281,2,BOM-MAA,Akasa,AK211,2026-09-22,2026-08-08,T+45,Economy,5390.0,970.0,6360.0,Available,Airline Site,Valid
282,2,BOM-MAA,Akasa,AK144,2026-09-22,2026-08-23,T+30,Economy,7670.0,1380.0,9050.0,Available,OTA,Valid
283,2,BOM-MAA,Akasa,AK131,2026-09-22,2026-09-07,T+15,Economy,9080.0,1630.0,10710.0,Available,OTA,Valid
284,2,BOM-MAA,Akasa,AK536,2026-09-22,2026-09-15,T+7,Economy,10950.0,1970.0,12920.0,Available,OTA,Valid
285,2,BOM-MAA,Akasa,AK554,2026-09-22,2026-09-21,T+1,Economy,11480.0,2070.0,13550.0,Available,Airline Site,Valid
286,2,CCU-BLR,IndiGo,IN229,2026-09-22,2026-08-08,T+45,Economy,3090.0,560.0,3650.0,Available,OTA,Valid
287,2,CCU-BLR,IndiGo,IN711,2026-09-22,2026-08-23,T+30,Economy,4110.0,740.0,4850.0,Available,OTA,Valid
288,2,CCU-BLR,IndiGo,IN540,2026-09-22,2026-09-07,T+15,Economy,5260.0,950.0,6210.0,Available,Airline Site,Valid
289,2,CCU-BLR,IndiGo,IN766,2026-09-22,2026-09-15,T+7,Economy,6290.0,1130.0,7420.0,Available,Airline Site,Valid
290,2,CCU-BLR,IndiGo,IN333,2026-09-22,2026-09-21,T+1,Economy,6160.0,1110.0,7270.0,Available,OTA,Valid
291,2,CCU-BLR,Air India,AI420,2026-09-22,2026-08-08,T+45,Economy,3140.0,570.0,3710.0,Available,OTA,Valid
292,2,CCU-BLR,Air India,AI256,2026-09-22,2026-08-23,T+30,Economy,4170.0,750.0,4920.0,Available,OTA,Valid
293,2,CCU-BLR,Air India,AI951,2026-09-22,2026-09-07,T+15,Economy,4890.0,880.0,5770.0,Available,OTA,Valid
294,2,CCU-BLR,Air India,AI856,2026-09-22,2026-09-15,T+7,Economy,5390.0,970.0,6360.0,Available,Airline Site,Valid
295,2,CCU-BLR,Air India,AI700,2026-09-22,2026-09-21,T+1,Economy,6450.0,1160.0,7610.0,Available,OTA,Valid
296,2,CCU-BLR,Akasa,AK994,2026-09-22,2026-08-08,T+45,Economy,3310.0,600.0,3910.0,Available,OTA,Valid
297,2,CCU-BLR,Akasa,AK838,2026-09-22,2026-08-23,T+30,Economy,4670.0,840.0,5510.0,Available,OTA,Valid
298,2,CCU-BLR,Akasa,AK460,2026-09-22,2026-09-07,T+15,Economy,5740.0,1030.0,6770.0,Available,Airline Site,Valid
299,2,CCU-BLR,Akasa,AK593,2026-09-22,2026-09-15,T+7,Economy,5760.0,1040.0,6800.0,Available,Airline Site,Valid
300,2,CCU-BLR,Akasa,AK669,2026-09-22,2026-09-21,T+1,Economy,6470.0,1160.0,7630.0,Available,OTA,Valid
301,3,DEL-BOM,IndiGo,IN885,2026-09-29,2026-08-15,T+45,Economy,6060.0,1090.0,7150.0,Available,Airline Site,Valid
302,3,DEL-BOM,IndiGo,IN773,2026-09-29,2026-08-30,T+30,Economy,8280.0,1490.0,9770.0,Available,OTA,Valid
303,3,DEL-BOM,IndiGo,IN379,2026-09-29,2026-09-14,T+15,Economy,9340.0,1680.0,11020.0,Available,OTA,Valid
304,3,DEL-BOM,IndiGo,IN459,2026-09-29,2026-09-22,T+7,Economy,12500.0,2250.0,14750.0,Sold Out,Airline Site,Valid
305,3,DEL-BOM,IndiGo,IN510,2026-09-29,2026-09-28,T+1,Economy,12470.0,2240.0,14710.0,Available,Airline Site,Valid
306,3,DEL-BOM,Air India,AI485,2026-09-29,2026-08-15,T+45,Economy,5250.0,940.0,6190.0,Available,OTA,Valid
307,3,DEL-BOM,Air India,AI419,2026-09-29,2026-08-30,T+30,Economy,6790.0,1220.0,8010.0,Available,Airline Site,Valid
308,3,DEL-BOM,Air India,AI259,2026-09-29,2026-09-14,T+15,Economy,9600.0,1730.0,11330.0,Available,Airline Site,Valid
309,3,DEL-BOM,Air India,AI378,2026-09-29,2026-09-22,T+7,Economy,10300.0,1850.0,12150.0,Available,OTA,Valid
310,3,DEL-BOM,Air India,AI552,2026-09-29,2026-09-28,T+1,Economy,10610.0,1910.0,12520.0,Available,Airline Site,Valid
311,3,DEL-BOM,Akasa,AK540,2026-09-29,2026-08-15,T+45,Economy,6000.0,1080.0,7080.0,Available,OTA,Valid
312,3,DEL-BOM,Akasa,AK415,2026-09-29,2026-08-30,T+30,Economy,8120.0,1460.0,9580.0,Sold Out,OTA,Valid
313,3,DEL-BOM,Akasa,AK156,2026-09-29,2026-09-14,T+15,Economy,11160.0,2010.0,13170.0,Sold Out,OTA,Valid
314,3,DEL-BOM,Akasa,AK885,2026-09-29,2026-09-22,T+7,Economy,12440.0,2240.0,14680.0,Available,OTA,Valid
315,3,DEL-BOM,Akasa,AK222,2026-09-29,2026-09-28,T+1,Economy,11540.0,2080.0,13620.0,Sold Out,OTA,Valid
316,3,DEL-BLR,IndiGo,IN820,2026-09-29,2026-08-15,T+45,Economy,3210.0,580.0,3790.0,Available,OTA,Valid
317,3,DEL-BLR,IndiGo,IN982,2026-09-29,2026-08-30,T+30,Economy,4110.0,740.0,4850.0,Available,OTA,Valid
318,3,DEL-BLR,IndiGo,IN179,2026-09-29,2026-09-14,T+15,Economy,4950.0,890.0,5840.0,Available,OTA,Valid
319,3,DEL-BLR,IndiGo,IN826,2026-09-29,2026-09-22,T+7,Economy,6160.0,1110.0,7270.0,Available,OTA,Valid
320,3,DEL-BLR,IndiGo,IN121,2026-09-29,2026-09-28,T+1,Economy,5910.0,1060.0,6970.0,Available,Airline Site,Valid
321,3,DEL-BLR,Air India,AI951,2026-09-29,2026-08-15,T+45,Economy,3630.0,650.0,4280.0,Available,OTA,Valid
322,3,DEL-BLR,Air India,AI964,2026-09-29,2026-08-30,T+30,Economy,4660.0,840.0,5500.0,Available,OTA,Valid
323,3,DEL-BLR,Air India,AI636,2026-09-29,2026-09-14,T+15,Economy,6290.0,1130.0,7420.0,Available,OTA,Valid
324,3,DEL-BLR,Air India,AI326,2026-09-29,2026-09-22,T+7,Economy,7230.0,1300.0,8530.0,Available,Airline Site,Valid
325,3,DEL-BLR,Air India,AI748,2026-09-29,2026-09-28,T+1,Economy,6610.0,1190.0,7800.0,Available,Airline Site,Valid
326,3,DEL-BLR,Akasa,AK844,2026-09-29,2026-08-15,T+45,Economy,3700.0,670.0,4370.0,Available,Airline Site,Valid
327,3,DEL-BLR,Akasa,AK249,2026-09-29,2026-08-30,T+30,Economy,4840.0,870.0,5710.0,Available,Airline Site,Valid
328,3,DEL-BLR,Akasa,AK878,2026-09-29,2026-09-14,T+15,Economy,6420.0,1160.0,7580.0,Available,Airline Site,Valid
329,3,DEL-BLR,Akasa,AK891,2026-09-29,2026-09-22,T+7,Economy,6480.0,1170.0,7650.0,Available,OTA,Valid
330,3,DEL-BLR,Akasa,AK878,2026-09-29,2026-09-28,T+1,Economy,7970.0,1430.0,9400.0,Available,OTA,Valid
331,3,BOM-BLR,IndiGo,IN254,2026-09-29,2026-08-15,T+45,Economy,3280.0,590.0,3870.0,Available,OTA,Valid
332,3,BOM-BLR,IndiGo,IN410,2026-09-29,2026-08-30,T+30,Economy,4390.0,790.0,5180.0,Available,Airline Site,Valid
333,3,BOM-BLR,IndiGo,IN175,2026-09-29,2026-09-14,T+15,Economy,5410.0,970.0,6380.0,Available,OTA,Valid
334,3,BOM-BLR,IndiGo,IN477,2026-09-29,2026-09-22,T+7,Economy,5540.0,1000.0,6540.0,Available,Airline Site,Valid
335,3,BOM-BLR,IndiGo,IN975,2026-09-29,2026-09-28,T+1,Economy,6870.0,1240.0,8110.0,Available,OTA,Valid
336,3,BOM-BLR,Air India,AI910,2026-09-29,2026-08-15,T+45,Economy,3040.0,550.0,3590.0,Available,Airline Site,Valid
337,3,BOM-BLR,Air India,AI929,2026-09-29,2026-08-30,T+30,Economy,4070.0,730.0,4800.0,Available,Airline Site,Valid
338,3,BOM-BLR,Air India,AI587,2026-09-29,2026-09-14,T+15,Economy,4980.0,900.0,5880.0,Available,Airline Site,Valid
339,3,BOM-BLR,Air India,AI930,2026-09-29,2026-09-22,T+7,Economy,5660.0,1020.0,6680.0,Available,OTA,Valid
340,3,BOM-BLR,Air India,AI186,2026-09-29,2026-09-28,T+1,Economy,6870.0,1240.0,8110.0,Available,Airline Site,Valid
341,3,BOM-BLR,Akasa,AK549,2026-09-29,2026-08-15,T+45,Economy,2780.0,500.0,3280.0,Available,Airline Site,Valid
342,3,BOM-BLR,Akasa,AK389,2026-09-29,2026-08-30,T+30,Economy,3690.0,660.0,4350.0,Available,OTA,Valid
343,3,BOM-BLR,Akasa,AK153,2026-09-29,2026-09-14,T+15,Economy,4900.0,880.0,5780.0,Available,OTA,Valid
344,3,BOM-BLR,Akasa,AK196,2026-09-29,2026-09-22,T+7,Economy,4740.0,850.0,5590.0,Available,OTA,Valid
345,3,BOM-BLR,Akasa,AK841,2026-09-29,2026-09-28,T+1,Economy,5340.0,960.0,6300.0,Available,Airline Site,Valid
346,3,DEL-CCU,IndiGo,IN244,2026-09-29,2026-08-15,T+45,Economy,4000.0,720.0,4720.0,Available,OTA,Valid
347,3,DEL-CCU,IndiGo,IN815,2026-09-29,2026-08-30,T+30,Economy,5720.0,1030.0,6750.0,Available,Airline Site,Valid
348,3,DEL-CCU,IndiGo,IN186,2026-09-29,2026-09-14,T+15,Economy,6930.0,1250.0,8180.0,Available,OTA,Valid
349,3,DEL-CCU,IndiGo,IN436,2026-09-29,2026-09-22,T+7,Economy,7790.0,1400.0,9190.0,Available,Airline Site,Valid
350,3,DEL-CCU,IndiGo,IN533,2026-09-29,2026-09-28,T+1,Economy,8400.0,1510.0,9910.0,Available,Airline Site,Valid
351,3,DEL-CCU,Air India,AI319,2026-09-29,2026-08-15,T+45,Economy,4030.0,730.0,4760.0,Available,OTA,Valid
352,3,DEL-CCU,Air India,AI240,2026-09-29,2026-08-30,T+30,Economy,5230.0,940.0,6170.0,Available,OTA,Valid
353,3,DEL-CCU,Air India,AI203,2026-09-29,2026-09-14,T+15,Economy,7310.0,1320.0,8630.0,Available,Airline Site,Valid
354,3,DEL-CCU,Air India,AI997,2026-09-29,2026-09-22,T+7,Economy,7870.0,1420.0,9290.0,Available,Airline Site,Valid
355,3,DEL-CCU,Air India,AI257,2026-09-29,2026-09-28,T+1,Economy,8350.0,1500.0,9850.0,Available,Airline Site,Valid
356,3,DEL-CCU,Akasa,AK473,2026-09-29,2026-08-15,T+45,Economy,4320.0,780.0,5100.0,Available,Airline Site,Valid
357,3,DEL-CCU,Akasa,AK725,2026-09-29,2026-08-30,T+30,Economy,6170.0,1110.0,7280.0,Available,OTA,Valid
358,3,DEL-CCU,Akasa,AK344,2026-09-29,2026-09-14,T+15,Economy,6960.0,1250.0,8210.0,Available,OTA,Valid
359,3,DEL-CCU,Akasa,AK298,2026-09-29,2026-09-22,T+7,Economy,8880.0,1600.0,10480.0,Available,OTA,Valid
360,3,DEL-CCU,Akasa,AK388,2026-09-29,2026-09-28,T+1,Economy,8670.0,1560.0,10230.0,Available,OTA,Valid
361,3,DEL-HYD,IndiGo,IN920,2026-09-29,2026-08-15,T+45,Economy,4370.0,790.0,5160.0,Available,OTA,Valid
362,3,DEL-HYD,IndiGo,IN592,2026-09-29,2026-08-30,T+30,Economy,5580.0,1000.0,6580.0,Available,Airline Site,Valid
363,3,DEL-HYD,IndiGo,IN628,2026-09-29,2026-09-14,T+15,Economy,7750.0,1400.0,9150.0,Available,OTA,Valid
364,3,DEL-HYD,IndiGo,IN264,2026-09-29,2026-09-22,T+7,Economy,7480.0,1350.0,8830.0,Available,Airline Site,Valid
365,3,DEL-HYD,IndiGo,IN193,2026-09-29,2026-09-28,T+1,Economy,9570.0,1720.0,11290.0,Available,Airline Site,Valid
366,3,DEL-HYD,Air India,AI127,2026-09-29,2026-08-15,T+45,Economy,4260.0,770.0,5030.0,Available,OTA,Valid
367,3,DEL-HYD,Air India,AI341,2026-09-29,2026-08-30,T+30,Economy,5750.0,1040.0,6790.0,Available,Airline Site,Valid
368,3,DEL-HYD,Air India,AI128,2026-09-29,2026-09-14,T+15,Economy,7060.0,1270.0,8330.0,Available,Airline Site,Valid
369,3,DEL-HYD,Air India,AI765,2026-09-29,2026-09-22,T+7,Economy,8640.0,1560.0,10200.0,Available,Airline Site,Valid
370,3,DEL-HYD,Air India,AI393,2026-09-29,2026-09-28,T+1,Economy,7870.0,1420.0,9290.0,Available,OTA,Valid
371,3,DEL-HYD,Akasa,AK822,2026-09-29,2026-08-15,T+45,Economy,4160.0,750.0,4910.0,Available,Airline Site,Valid
372,3,DEL-HYD,Akasa,AK119,2026-09-29,2026-08-30,T+30,Economy,5900.0,1060.0,6960.0,Available,Airline Site,Valid
373,3,DEL-HYD,Akasa,AK844,2026-09-29,2026-09-14,T+15,Economy,7140.0,1290.0,8430.0,Available,OTA,Valid
374,3,DEL-HYD,Akasa,AK395,2026-09-29,2026-09-22,T+7,Economy,7170.0,1290.0,8460.0,Available,Airline Site,Valid
375,3,DEL-HYD,Akasa,AK529,2026-09-29,2026-09-28,T+1,Economy,7520.0,1350.0,8870.0,Available,OTA,Valid
376,3,BOM-HYD,IndiGo,IN611,2026-09-29,2026-08-15,T+45,Economy,3580.0,640.0,4220.0,Available,Airline Site,Valid
377,3,BOM-HYD,IndiGo,IN688,2026-09-29,2026-08-30,T+30,Economy,4910.0,880.0,5790.0,Available,Airline Site,Valid
378,3,BOM-HYD,IndiGo,IN101,2026-09-29,2026-09-14,T+15,Economy,5830.0,1050.0,6880.0,Available,Airline Site,Valid
379,3,BOM-HYD,IndiGo,IN291,2026-09-29,2026-09-22,T+7,Economy,6860.0,1230.0,8090.0,Available,Airline Site,Valid
380,3,BOM-HYD,IndiGo,IN469,2026-09-29,2026-09-28,T+1,Economy,7290.0,1310.0,8600.0,Available,Airline Site,Valid
381,3,BOM-HYD,Air India,AI750,2026-09-29,2026-08-15,T+45,Economy,3830.0,690.0,4520.0,Available,OTA,Valid
382,3,BOM-HYD,Air India,AI116,2026-09-29,2026-08-30,T+30,Economy,5010.0,900.0,5910.0,Available,Airline Site,Valid
383,3,BOM-HYD,Air India,AI850,2026-09-29,2026-09-14,T+15,Economy,6310.0,1140.0,7450.0,Available,Airline Site,Valid
384,3,BOM-HYD,Air India,AI852,2026-09-29,2026-09-22,T+7,Economy,7670.0,1380.0,9050.0,Available,Airline Site,Valid
385,3,BOM-HYD,Air India,AI659,2026-09-29,2026-09-28,T+1,Economy,6910.0,1240.0,8150.0,Available,Airline Site,Valid
386,3,BOM-HYD,Akasa,AK812,2026-09-29,2026-08-15,T+45,Economy,4170.0,750.0,4920.0,Available,Airline Site,Valid
387,3,BOM-HYD,Akasa,AK164,2026-09-29,2026-08-30,T+30,Economy,5840.0,1050.0,6890.0,Available,OTA,Valid
388,3,BOM-HYD,Akasa,AK306,2026-09-29,2026-09-14,T+15,Economy,6440.0,1160.0,7600.0,Sold Out,Airline Site,Valid
389,3,BOM-HYD,Akasa,AK423,2026-09-29,2026-09-22,T+7,Economy,8540.0,1540.0,10080.0,Available,OTA,Valid
390,3,BOM-HYD,Akasa,AK656,2026-09-29,2026-09-28,T+1,Economy,9440.0,1700.0,11140.0,Available,Airline Site,Valid
391,3,BLR-HYD,IndiGo,IN465,2026-09-29,2026-08-15,T+45,Economy,3730.0,670.0,4400.0,Available,Airline Site,Valid
392,3,BLR-HYD,IndiGo,IN439,2026-09-29,2026-08-30,T+30,Economy,5260.0,950.0,6210.0,Available,OTA,Valid
393,3,BLR-HYD,IndiGo,IN509,2026-09-29,2026-09-14,T+15,Economy,6260.0,1130.0,7390.0,Available,OTA,Valid
394,3,BLR-HYD,IndiGo,IN291,2026-09-29,2026-09-22,T+7,Economy,6780.0,1220.0,8000.0,Available,OTA,Valid
395,3,BLR-HYD,IndiGo,IN916,2026-09-29,2026-09-28,T+1,Economy,7320.0,1320.0,8640.0,Available,Airline Site,Valid
396,3,BLR-HYD,Air India,AI716,2026-09-29,2026-08-15,T+45,Economy,3710.0,670.0,4380.0,Available,Airline Site,Valid
397,3,BLR-HYD,Air India,AI428,2026-09-29,2026-08-30,T+30,Economy,5040.0,910.0,5950.0,Available,OTA,Valid
398,3,BLR-HYD,Air India,AI413,2026-09-29,2026-09-14,T+15,Economy,6510.0,1170.0,7680.0,Available,OTA,Valid
399,3,BLR-HYD,Air India,AI554,2026-09-29,2026-09-22,T+7,Economy,6480.0,1170.0,7650.0,Available,Airline Site,Valid
400,3,BLR-HYD,Air India,AI461,2026-09-29,2026-09-28,T+1,Economy,7930.0,1430.0,9360.0,Available,OTA,Valid
401,3,BLR-HYD,Akasa,AK158,2026-09-29,2026-08-15,T+45,Economy,3400.0,610.0,4010.0,Available,OTA,Valid
402,3,BLR-HYD,Akasa,AK920,2026-09-29,2026-08-30,T+30,Economy,4510.0,810.0,5320.0,Available,Airline Site,Valid
403,3,BLR-HYD,Akasa,AK246,2026-09-29,2026-09-14,T+15,Economy,6290.0,1130.0,7420.0,Available,OTA,Valid
404,3,BLR-HYD,Akasa,AK168,2026-09-29,2026-09-22,T+7,Economy,5740.0,1030.0,6770.0,Available,OTA,Valid
405,3,BLR-HYD,Akasa,AK680,2026-09-29,2026-09-28,T+1,Economy,6650.0,1200.0,7850.0,Sold Out,Airline Site,Valid
406,3,DEL-MAA,IndiGo,IN480,2026-09-29,2026-08-15,T+45,Economy,3510.0,630.0,4140.0,Available,Airline Site,Valid
407,3,DEL-MAA,IndiGo,IN642,2026-09-29,2026-08-30,T+30,Economy,4780.0,860.0,5640.0,Available,OTA,Valid
408,3,DEL-MAA,IndiGo,IN355,2026-09-29,2026-09-14,T+15,Economy,6150.0,1110.0,7260.0,Available,Airline Site,Valid
409,3,DEL-MAA,IndiGo,IN611,2026-09-29,2026-09-22,T+7,Economy,6970.0,1250.0,8220.0,Available,Airline Site,Valid
410,3,DEL-MAA,IndiGo,IN366,2026-09-29,2026-09-28,T+1,Economy,6710.0,1210.0,7920.0,Available,Airline Site,Valid
411,3,DEL-MAA,Air India,AI602,2026-09-29,2026-08-15,T+45,Economy,3720.0,670.0,4390.0,Available,Airline Site,Valid
412,3,DEL-MAA,Air India,AI562,2026-09-29,2026-08-30,T+30,Economy,5240.0,940.0,6180.0,Available,OTA,Valid
413,3,DEL-MAA,Air India,AI929,2026-09-29,2026-09-14,T+15,Economy,6950.0,1250.0,8200.0,Available,OTA,Valid
414,3,DEL-MAA,Air India,AI826,2026-09-29,2026-09-22,T+7,Economy,7290.0,1310.0,8600.0,Available,OTA,Valid
415,3,DEL-MAA,Air India,AI971,2026-09-29,2026-09-28,T+1,Economy,8260.0,1490.0,9750.0,Available,Airline Site,Valid
416,3,DEL-MAA,Akasa,AK224,2026-09-29,2026-08-15,T+45,Economy,3590.0,650.0,4240.0,Available,Airline Site,Valid
417,3,DEL-MAA,Akasa,AK605,2026-09-29,2026-08-30,T+30,Economy,4690.0,840.0,5530.0,Sold Out,OTA,Valid
418,3,DEL-MAA,Akasa,AK664,2026-09-29,2026-09-14,T+15,Economy,6060.0,1090.0,7150.0,Available,Airline Site,Valid
419,3,DEL-MAA,Akasa,AK507,2026-09-29,2026-09-22,T+7,Economy,6110.0,1100.0,7210.0,Available,OTA,Valid
420,3,DEL-MAA,Akasa,AK887,2026-09-29,2026-09-28,T+1,Economy,7320.0,1320.0,8640.0,Available,Airline Site,Valid
421,3,BOM-MAA,IndiGo,IN175,2026-09-29,2026-08-15,T+45,Economy,4910.0,880.0,5790.0,Available,OTA,Valid
422,3,BOM-MAA,IndiGo,IN948,2026-09-29,2026-08-30,T+30,Economy,6330.0,1140.0,7470.0,Available,Airline Site,Valid
423,3,BOM-MAA,IndiGo,IN232,2026-09-29,2026-09-14,T+15,Economy,8790.0,1580.0,10370.0,Available,Airline Site,Valid
424,3,BOM-MAA,IndiGo,IN630,2026-09-29,2026-09-22,T+7,Economy,9960.0,1790.0,11750.0,Available,Airline Site,Valid
425,3,BOM-MAA,IndiGo,IN826,2026-09-29,2026-09-28,T+1,Economy,9150.0,1650.0,10800.0,Available,OTA,Valid
426,3,BOM-MAA,Air India,AI750,2026-09-29,2026-08-15,T+45,Economy,5660.0,1020.0,6680.0,Available,OTA,Valid
427,3,BOM-MAA,Air India,AI410,2026-09-29,2026-08-30,T+30,Economy,7290.0,1310.0,8600.0,Available,Airline Site,Valid
428,3,BOM-MAA,Air India,AI272,2026-09-29,2026-09-14,T+15,Economy,9630.0,1730.0,11360.0,Available,Airline Site,Valid
429,3,BOM-MAA,Air India,AI739,2026-09-29,2026-09-22,T+7,Economy,9900.0,1780.0,11680.0,Available,OTA,Valid
430,3,BOM-MAA,Air India,AI677,2026-09-29,2026-09-28,T+1,Economy,12430.0,2240.0,14670.0,Sold Out,Airline Site,Valid
431,3,BOM-MAA,Akasa,AK889,2026-09-29,2026-08-15,T+45,Economy,4870.0,880.0,5750.0,Available,Airline Site,Valid
432,3,BOM-MAA,Akasa,AK526,2026-09-29,2026-08-30,T+30,Economy,6790.0,1220.0,8010.0,Available,Airline Site,Valid
433,3,BOM-MAA,Akasa,AK742,2026-09-29,2026-09-14,T+15,Economy,8270.0,1490.0,9760.0,Available,OTA,Valid
434,3,BOM-MAA,Akasa,AK924,2026-09-29,2026-09-22,T+7,Economy,9150.0,1650.0,10800.0,Available,OTA,Valid
435,3,BOM-MAA,Akasa,AK174,2026-09-29,2026-09-28,T+1,Economy,9390.0,1690.0,11080.0,Available,Airline Site,Valid
436,3,CCU-BLR,IndiGo,IN308,2026-09-29,2026-08-15,T+45,Economy,3290.0,590.0,3880.0,Available,Airline Site,Valid
437,3,CCU-BLR,IndiGo,IN835,2026-09-29,2026-08-30,T+30,Economy,4330.0,780.0,5110.0,Available,OTA,Valid
438,3,CCU-BLR,IndiGo,IN233,2026-09-29,2026-09-14,T+15,Economy,6110.0,1100.0,7210.0,Available,Airline Site,Valid
439,3,CCU-BLR,IndiGo,IN577,2026-09-29,2026-09-22,T+7,Economy,5950.0,1070.0,7020.0,Available,OTA,Valid
440,3,CCU-BLR,IndiGo,IN199,2026-09-29,2026-09-28,T+1,Economy,6260.0,1130.0,7390.0,Available,OTA,Valid
441,3,CCU-BLR,Air India,AI986,2026-09-29,2026-08-15,T+45,Economy,3560.0,640.0,4200.0,Available,OTA,Valid
442,3,CCU-BLR,Air India,AI838,2026-09-29,2026-08-30,T+30,Economy,5070.0,910.0,5980.0,Available,Airline Site,Valid
443,3,CCU-BLR,Air India,AI627,2026-09-29,2026-09-14,T+15,Economy,6060.0,1090.0,7150.0,Available,OTA,Valid
444,3,CCU-BLR,Air India,AI192,2026-09-29,2026-09-22,T+7,Economy,6720.0,1210.0,7930.0,Available,OTA,Valid
445,3,CCU-BLR,Air India,AI320,2026-09-29,2026-09-28,T+1,Economy,8040.0,1450.0,9490.0,Available,Airline Site,Valid
446,3,CCU-BLR,Akasa,AK963,2026-09-29,2026-08-15,T+45,Economy,3030.0,550.0,3580.0,Available,OTA,Valid
447,3,CCU-BLR,Akasa,AK108,2026-09-29,2026-08-30,T+30,Economy,3990.0,720.0,4710.0,Available,OTA,Valid
448,3,CCU-BLR,Akasa,AK370,2026-09-29,2026-09-14,T+15,Economy,4790.0,860.0,5650.0,Available,OTA,Valid
449,3,CCU-BLR,Akasa,AK510,2026-09-29,2026-09-22,T+7,Economy,5550.0,1000.0,6550.0,Available,Airline Site,Valid
450,3,CCU-BLR,Akasa,AK395,2026-09-29,2026-09-28,T+1,Economy,5940.0,1070.0,7010.0,Available,OTA,Valid
451,4,DEL-BOM,IndiGo,IN796,2026-10-06,2026-08-22,T+45,Economy,5590.0,1010.0,6600.0,Available,Airline Site,Valid
452,4,DEL-BOM,IndiGo,IN503,2026-10-06,2026-09-06,T+30,Economy,7990.0,1440.0,9430.0,Available,OTA,Valid
453,4,DEL-BOM,IndiGo,IN474,2026-10-06,2026-09-21,T+15,Economy,9610.0,1730.0,11340.0,Available,Airline Site,Valid
454,4,DEL-BOM,IndiGo,IN511,2026-10-06,2026-09-29,T+7,Economy,10790.0,1940.0,12730.0,Available,Airline Site,Valid
455,4,DEL-BOM,IndiGo,IN830,2026-10-06,2026-10-05,T+1,Economy,10070.0,1810.0,11880.0,Available,OTA,Valid
456,4,DEL-BOM,Air India,AI627,2026-10-06,2026-08-22,T+45,Economy,5860.0,1050.0,6910.0,Available,OTA,Valid
457,4,DEL-BOM,Air India,AI731,2026-10-06,2026-09-06,T+30,Economy,7590.0,1370.0,8960.0,Available,OTA,Valid
458,4,DEL-BOM,Air India,AI619,2026-10-06,2026-09-21,T+15,Economy,10150.0,1830.0,11980.0,Available,OTA,Valid
459,4,DEL-BOM,Air India,AI406,2026-10-06,2026-09-29,T+7,Economy,11580.0,2080.0,13660.0,Available,Airline Site,Valid
460,4,DEL-BOM,Air India,AI789,2026-10-06,2026-10-05,T+1,Economy,11510.0,2070.0,13580.0,Available,OTA,Valid
461,4,DEL-BOM,Akasa,AK842,2026-10-06,2026-08-22,T+45,Economy,5940.0,1070.0,7010.0,Available,Airline Site,Valid
462,4,DEL-BOM,Akasa,AK371,2026-10-06,2026-09-06,T+30,Economy,8110.0,1460.0,9570.0,Available,Airline Site,Valid
463,4,DEL-BOM,Akasa,AK697,2026-10-06,2026-09-21,T+15,Economy,10530.0,1900.0,12430.0,Available,OTA,Valid
464,4,DEL-BOM,Akasa,AK797,2026-10-06,2026-09-29,T+7,Economy,10320.0,1860.0,12180.0,Available,Airline Site,Valid
465,4,DEL-BOM,Akasa,AK551,2026-10-06,2026-10-05,T+1,Economy,11130.0,2000.0,13130.0,Available,Airline Site,Valid
466,4,DEL-BLR,IndiGo,IN613,2026-10-06,2026-08-22,T+45,Economy,3450.0,620.0,4070.0,Available,OTA,Valid
467,4,DEL-BLR,IndiGo,IN853,2026-10-06,2026-09-06,T+30,Economy,4870.0,880.0,5750.0,Available,Airline Site,Valid
468,4,DEL-BLR,IndiGo,IN674,2026-10-06,2026-09-21,T+15,Economy,5890.0,1060.0,6950.0,Available,OTA,Valid
469,4,DEL-BLR,IndiGo,IN421,2026-10-06,2026-09-29,T+7,Economy,6550.0,1180.0,7730.0,Available,OTA,Valid
470,4,DEL-BLR,IndiGo,IN450,2026-10-06,2026-10-05,T+1,Economy,7690.0,1380.0,9070.0,Available,OTA,Valid
471,4,DEL-BLR,Air India,AI352,2026-10-06,2026-08-22,T+45,Economy,3590.0,650.0,4240.0,Available,OTA,Valid
472,4,DEL-BLR,Air India,AI404,2026-10-06,2026-09-06,T+30,Economy,4680.0,840.0,5520.0,Available,Airline Site,Valid
473,4,DEL-BLR,Air India,AI600,2026-10-06,2026-09-21,T+15,Economy,6320.0,1140.0,7460.0,Available,OTA,Valid
474,4,DEL-BLR,Air India,AI914,2026-10-06,2026-09-29,T+7,Economy,6860.0,1230.0,8090.0,Available,OTA,Valid
475,4,DEL-BLR,Air India,AI792,2026-10-06,2026-10-05,T+1,Economy,6600.0,1190.0,7790.0,Available,OTA,Valid
476,4,DEL-BLR,Akasa,AK923,2026-10-06,2026-08-22,T+45,Economy,3730.0,670.0,4400.0,Available,Airline Site,Valid
477,4,DEL-BLR,Akasa,AK831,2026-10-06,2026-09-06,T+30,Economy,4900.0,880.0,5780.0,Available,OTA,Valid
478,4,DEL-BLR,Akasa,AK865,2026-10-06,2026-09-21,T+15,Economy,6530.0,1180.0,7710.0,Available,Airline Site,Valid
479,4,DEL-BLR,Akasa,AK377,2026-10-06,2026-09-29,T+7,Economy,7550.0,1360.0,8910.0,Available,OTA,Valid
480,4,DEL-BLR,Akasa,AK730,2026-10-06,2026-10-05,T+1,Economy,6900.0,1240.0,8140.0,Available,Airline Site,Valid
481,4,BOM-BLR,IndiGo,IN643,2026-10-06,2026-08-22,T+45,Economy,2970.0,530.0,3500.0,Available,Airline Site,Valid
482,4,BOM-BLR,IndiGo,IN523,2026-10-06,2026-09-06,T+30,Economy,3790.0,680.0,4470.0,Available,OTA,Valid
483,4,BOM-BLR,IndiGo,IN889,2026-10-06,2026-09-21,T+15,Economy,4650.0,840.0,5490.0,Available,Airline Site,Valid
484,4,BOM-BLR,IndiGo,IN999,2026-10-06,2026-09-29,T+7,Economy,5490.0,990.0,6480.0,Available,Airline Site,Valid
485,4,BOM-BLR,IndiGo,IN394,2026-10-06,2026-10-05,T+1,Economy,6390.0,1150.0,7540.0,Available,Airline Site,Valid
486,4,BOM-BLR,Air India,AI687,2026-10-06,2026-08-22,T+45,Economy,3380.0,610.0,3990.0,Available,Airline Site,Valid
487,4,BOM-BLR,Air India,AI279,2026-10-06,2026-09-06,T+30,Economy,4790.0,860.0,5650.0,Available,Airline Site,Valid
488,4,BOM-BLR,Air India,AI137,2026-10-06,2026-09-21,T+15,Economy,6230.0,1120.0,7350.0,Available,OTA,Valid
489,4,BOM-BLR,Air India,AI290,2026-10-06,2026-09-29,T+7,Economy,6780.0,1220.0,8000.0,Available,OTA,Valid
490,4,BOM-BLR,Air India,AI109,2026-10-06,2026-10-05,T+1,Economy,7470.0,1340.0,8810.0,Available,Airline Site,Valid
491,4,BOM-BLR,Akasa,AK565,2026-10-06,2026-08-22,T+45,Economy,3390.0,610.0,4000.0,Available,OTA,Valid
492,4,BOM-BLR,Akasa,AK237,2026-10-06,2026-09-06,T+30,Economy,4800.0,860.0,5660.0,Available,OTA,Valid
493,4,BOM-BLR,Akasa,AK928,2026-10-06,2026-09-21,T+15,Economy,5510.0,990.0,6500.0,Available,Airline Site,Valid
494,4,BOM-BLR,Akasa,AK763,2026-10-06,2026-09-29,T+7,Economy,6730.0,1210.0,7940.0,Available,Airline Site,Valid
495,4,BOM-BLR,Akasa,AK445,2026-10-06,2026-10-05,T+1,Economy,6070.0,1090.0,7160.0,Available,Airline Site,Valid
496,4,DEL-CCU,IndiGo,IN515,2026-10-06,2026-08-22,T+45,Economy,3960.0,710.0,4670.0,Available,OTA,Valid
497,4,DEL-CCU,IndiGo,IN785,2026-10-06,2026-09-06,T+30,Economy,5080.0,910.0,5990.0,Available,Airline Site,Valid
498,4,DEL-CCU,IndiGo,IN354,2026-10-06,2026-09-21,T+15,Economy,6710.0,1210.0,7920.0,Sold Out,OTA,Valid
499,4,DEL-CCU,IndiGo,IN871,2026-10-06,2026-09-29,T+7,Economy,7030.0,1270.0,8300.0,Available,OTA,Valid
500,4,DEL-CCU,IndiGo,IN840,2026-10-06,2026-10-05,T+1,Economy,7650.0,1380.0,9030.0,Available,OTA,Valid
501,4,DEL-CCU,Air India,AI163,2026-10-06,2026-08-22,T+45,Economy,4360.0,780.0,5140.0,Available,OTA,Valid
502,4,DEL-CCU,Air India,AI515,2026-10-06,2026-09-06,T+30,Economy,5740.0,1030.0,6770.0,Available,OTA,Valid
503,4,DEL-CCU,Air India,AI754,2026-10-06,2026-09-21,T+15,Economy,7690.0,1380.0,9070.0,Available,OTA,Valid
504,4,DEL-CCU,Air India,AI326,2026-10-06,2026-09-29,T+7,Economy,7980.0,1440.0,9420.0,Available,Airline Site,Valid
505,4,DEL-CCU,Air India,AI565,2026-10-06,2026-10-05,T+1,Economy,8790.0,1580.0,10370.0,Available,OTA,Valid
506,4,DEL-CCU,Akasa,AK582,2026-10-06,2026-08-22,T+45,Economy,4160.0,750.0,4910.0,Available,Airline Site,Valid
507,4,DEL-CCU,Akasa,AK796,2026-10-06,2026-09-06,T+30,Economy,5800.0,1040.0,6840.0,Available,Airline Site,Valid
508,4,DEL-CCU,Akasa,AK640,2026-10-06,2026-09-21,T+15,Economy,7110.0,1280.0,8390.0,Available,Airline Site,Valid
509,4,DEL-CCU,Akasa,AK214,2026-10-06,2026-09-29,T+7,Economy,8590.0,1550.0,10140.0,Available,Airline Site,Valid
510,4,DEL-CCU,Akasa,AK253,2026-10-06,2026-10-05,T+1,Economy,8580.0,1540.0,10120.0,Available,OTA,Valid
511,4,DEL-HYD,IndiGo,IN697,2026-10-06,2026-08-22,T+45,Economy,3790.0,680.0,4470.0,Available,OTA,Valid
512,4,DEL-HYD,IndiGo,IN564,2026-10-06,2026-09-06,T+30,Economy,5310.0,960.0,6270.0,Available,OTA,Valid
513,4,DEL-HYD,IndiGo,IN159,2026-10-06,2026-09-21,T+15,Economy,6390.0,1150.0,7540.0,Available,OTA,Valid
514,4,DEL-HYD,IndiGo,IN505,2026-10-06,2026-09-29,T+7,Economy,7510.0,1350.0,8860.0,Available,Airline Site,Valid
515,4,DEL-HYD,IndiGo,IN692,2026-10-06,2026-10-05,T+1,Economy,8140.0,1470.0,9610.0,Available,OTA,Valid
516,4,DEL-HYD,Air India,AI161,2026-10-06,2026-08-22,T+45,Economy,3970.0,710.0,4680.0,Available,Airline Site,Valid
517,4,DEL-HYD,Air India,AI583,2026-10-06,2026-09-06,T+30,Economy,5690.0,1020.0,6710.0,Sold Out,OTA,Valid
518,4,DEL-HYD,Air India,AI238,2026-10-06,2026-09-21,T+15,Economy,6330.0,1140.0,7470.0,Available,OTA,Valid
519,4,DEL-HYD,Air India,AI491,2026-10-06,2026-09-29,T+7,Economy,7290.0,1310.0,8600.0,Available,OTA,Valid
520,4,DEL-HYD,Air India,AI799,2026-10-06,2026-10-05,T+1,Economy,7810.0,1410.0,9220.0,Available,Airline Site,Valid
521,4,DEL-HYD,Akasa,AK282,2026-10-06,2026-08-22,T+45,Economy,4220.0,760.0,4980.0,Available,OTA,Valid
522,4,DEL-HYD,Akasa,AK845,2026-10-06,2026-09-06,T+30,Economy,5720.0,1030.0,6750.0,Available,Airline Site,Valid
523,4,DEL-HYD,Akasa,AK405,2026-10-06,2026-09-21,T+15,Economy,7540.0,1360.0,8900.0,Available,OTA,Valid
524,4,DEL-HYD,Akasa,AK943,2026-10-06,2026-09-29,T+7,Economy,8020.0,1440.0,9460.0,Available,OTA,Valid
525,4,DEL-HYD,Akasa,AK382,2026-10-06,2026-10-05,T+1,Economy,8240.0,1480.0,9720.0,Available,Airline Site,Valid
526,4,BOM-HYD,IndiGo,IN729,2026-10-06,2026-08-22,T+45,Economy,3640.0,660.0,4300.0,Available,Airline Site,Valid
527,4,BOM-HYD,IndiGo,IN168,2026-10-06,2026-09-06,T+30,Economy,4750.0,860.0,5610.0,Available,Airline Site,Valid
528,4,BOM-HYD,IndiGo,IN788,2026-10-06,2026-09-21,T+15,Economy,6120.0,1100.0,7220.0,Available,Airline Site,Valid
529,4,BOM-HYD,IndiGo,IN145,2026-10-06,2026-09-29,T+7,Economy,6470.0,1160.0,7630.0,Available,Airline Site,Valid
530,4,BOM-HYD,IndiGo,IN872,2026-10-06,2026-10-05,T+1,Economy,7440.0,1340.0,8780.0,Available,Airline Site,Valid
531,4,BOM-HYD,Air India,AI339,2026-10-06,2026-08-22,T+45,Economy,3720.0,670.0,4390.0,Available,OTA,Valid
532,4,BOM-HYD,Air India,AI891,2026-10-06,2026-09-06,T+30,Economy,5070.0,910.0,5980.0,Available,OTA,Valid
533,4,BOM-HYD,Air India,AI997,2026-10-06,2026-09-21,T+15,Economy,6000.0,1080.0,7080.0,Available,Airline Site,Valid
534,4,BOM-HYD,Air India,AI381,2026-10-06,2026-09-29,T+7,Economy,6880.0,1240.0,8120.0,Available,Airline Site,Valid
535,4,BOM-HYD,Air India,AI537,2026-10-06,2026-10-05,T+1,Economy,7770.0,1400.0,9170.0,Available,Airline Site,Valid
536,4,BOM-HYD,Akasa,AK787,2026-10-06,2026-08-22,T+45,Economy,4370.0,790.0,5160.0,Available,OTA,Valid
537,4,BOM-HYD,Akasa,AK518,2026-10-06,2026-09-06,T+30,Economy,6050.0,1090.0,7140.0,Available,OTA,Valid
538,4,BOM-HYD,Akasa,AK650,2026-10-06,2026-09-21,T+15,Economy,6970.0,1250.0,8220.0,Available,Airline Site,Valid
539,4,BOM-HYD,Akasa,AK824,2026-10-06,2026-09-29,T+7,Economy,7880.0,1420.0,9300.0,Available,OTA,Valid
540,4,BOM-HYD,Akasa,AK675,2026-10-06,2026-10-05,T+1,Economy,9750.0,1760.0,11510.0,Available,OTA,Valid
541,4,BLR-HYD,IndiGo,IN348,2026-10-06,2026-08-22,T+45,Economy,3670.0,660.0,4330.0,Available,OTA,Valid
542,4,BLR-HYD,IndiGo,IN560,2026-10-06,2026-09-06,T+30,Economy,5050.0,910.0,5960.0,Available,Airline Site,Valid
543,4,BLR-HYD,IndiGo,IN949,2026-10-06,2026-09-21,T+15,Economy,6290.0,1130.0,7420.0,Available,OTA,Valid
544,4,BLR-HYD,IndiGo,IN719,2026-10-06,2026-09-29,T+7,Economy,6740.0,1210.0,7950.0,Available,Airline Site,Valid
545,4,BLR-HYD,IndiGo,IN879,2026-10-06,2026-10-05,T+1,Economy,6890.0,1240.0,8130.0,Available,Airline Site,Valid
546,4,BLR-HYD,Air India,AI440,2026-10-06,2026-08-22,T+45,Economy,3620.0,650.0,4270.0,Available,Airline Site,Valid
547,4,BLR-HYD,Air India,AI294,2026-10-06,2026-09-06,T+30,Economy,4710.0,850.0,5560.0,Available,Airline Site,Valid
548,4,BLR-HYD,Air India,AI872,2026-10-06,2026-09-21,T+15,Economy,6450.0,1160.0,7610.0,Available,Airline Site,Valid
549,4,BLR-HYD,Air India,AI820,2026-10-06,2026-09-29,T+7,Economy,7130.0,1280.0,8410.0,Available,Airline Site,Valid
550,4,BLR-HYD,Air India,AI894,2026-10-06,2026-10-05,T+1,Economy,7430.0,1340.0,8770.0,Available,OTA,Valid
551,4,BLR-HYD,Akasa,AK367,2026-10-06,2026-08-22,T+45,Economy,3660.0,660.0,4320.0,Available,OTA,Valid
552,4,BLR-HYD,Akasa,AK922,2026-10-06,2026-09-06,T+30,Economy,4920.0,890.0,5810.0,Available,OTA,Valid
553,4,BLR-HYD,Akasa,AK427,2026-10-06,2026-09-21,T+15,Economy,6540.0,1180.0,7720.0,Available,OTA,Valid
554,4,BLR-HYD,Akasa,AK146,2026-10-06,2026-09-29,T+7,Economy,6610.0,1190.0,7800.0,Available,Airline Site,Valid
555,4,BLR-HYD,Akasa,AK116,2026-10-06,2026-10-05,T+1,Economy,7840.0,1410.0,9250.0,Available,OTA,Valid
556,4,DEL-MAA,IndiGo,IN335,2026-10-06,2026-08-22,T+45,Economy,3330.0,600.0,3930.0,Available,Airline Site,Valid
557,4,DEL-MAA,IndiGo,IN770,2026-10-06,2026-09-06,T+30,Economy,4500.0,810.0,5310.0,Available,OTA,Valid
558,4,DEL-MAA,IndiGo,IN941,2026-10-06,2026-09-21,T+15,Economy,5390.0,970.0,6360.0,Available,OTA,Valid
559,4,DEL-MAA,IndiGo,IN850,2026-10-06,2026-09-29,T+7,Economy,6230.0,1120.0,7350.0,Available,Airline Site,Valid
560,4,DEL-MAA,IndiGo,IN659,2026-10-06,2026-10-05,T+1,Economy,6160.0,1110.0,7270.0,Available,Airline Site,Valid
561,4,DEL-MAA,Air India,AI176,2026-10-06,2026-08-22,T+45,Economy,3490.0,630.0,4120.0,Available,Airline Site,Valid
562,4,DEL-MAA,Air India,AI522,2026-10-06,2026-09-06,T+30,Economy,4860.0,870.0,5730.0,Available,Airline Site,Valid
563,4,DEL-MAA,Air India,AI254,2026-10-06,2026-09-21,T+15,Economy,5420.0,980.0,6400.0,Sold Out,OTA,Valid
564,4,DEL-MAA,Air India,AI732,2026-10-06,2026-09-29,T+7,Economy,6390.0,1150.0,7540.0,Available,OTA,Valid
565,4,DEL-MAA,Air India,AI116,2026-10-06,2026-10-05,T+1,Economy,7340.0,1320.0,8660.0,Sold Out,OTA,Valid
566,4,DEL-MAA,Akasa,AK381,2026-10-06,2026-08-22,T+45,Economy,3140.0,570.0,3710.0,Available,OTA,Valid
567,4,DEL-MAA,Akasa,AK932,2026-10-06,2026-09-06,T+30,Economy,3980.0,720.0,4700.0,Available,OTA,Valid
568,4,DEL-MAA,Akasa,AK283,2026-10-06,2026-09-21,T+15,Economy,5650.0,1020.0,6670.0,Available,Airline Site,Valid
569,4,DEL-MAA,Akasa,AK346,2026-10-06,2026-09-29,T+7,Economy,5950.0,1070.0,7020.0,Available,OTA,Valid
570,4,DEL-MAA,Akasa,AK373,2026-10-06,2026-10-05,T+1,Economy,6840.0,1230.0,8070.0,Available,Airline Site,Valid
571,4,BOM-MAA,IndiGo,IN678,2026-10-06,2026-08-22,T+45,Economy,5290.0,950.0,6240.0,Available,Airline Site,Valid
572,4,BOM-MAA,IndiGo,IN947,2026-10-06,2026-09-06,T+30,Economy,6970.0,1250.0,8220.0,Available,Airline Site,Valid
573,4,BOM-MAA,IndiGo,IN488,2026-10-06,2026-09-21,T+15,Economy,8280.0,1490.0,9770.0,Available,OTA,Valid
574,4,BOM-MAA,IndiGo,IN109,2026-10-06,2026-09-29,T+7,Economy,8990.0,1620.0,10610.0,Available,Airline Site,Valid
575,4,BOM-MAA,IndiGo,IN544,2026-10-06,2026-10-05,T+1,Economy,10720.0,1930.0,12650.0,Available,OTA,Valid
576,4,BOM-MAA,Air India,AI197,2026-10-06,2026-08-22,T+45,Economy,5490.0,990.0,6480.0,Available,Airline Site,Valid
577,4,BOM-MAA,Air India,AI988,2026-10-06,2026-09-06,T+30,Economy,7170.0,1290.0,8460.0,Available,OTA,Valid
578,4,BOM-MAA,Air India,AI176,2026-10-06,2026-09-21,T+15,Economy,8920.0,1610.0,10530.0,Available,OTA,Valid
579,4,BOM-MAA,Air India,AI677,2026-10-06,2026-09-29,T+7,Economy,11290.0,2030.0,13320.0,Available,Airline Site,Valid
580,4,BOM-MAA,Air India,AI422,2026-10-06,2026-10-05,T+1,Economy,12290.0,2210.0,14500.0,Sold Out,Airline Site,Valid
581,4,BOM-MAA,Akasa,AK829,2026-10-06,2026-08-22,T+45,Economy,5520.0,990.0,6510.0,Available,Airline Site,Valid
582,4,BOM-MAA,Akasa,AK677,2026-10-06,2026-09-06,T+30,Economy,7260.0,1310.0,8570.0,Available,OTA,Valid
583,4,BOM-MAA,Akasa,AK653,2026-10-06,2026-09-21,T+15,Economy,9710.0,1750.0,11460.0,Available,Airline Site,Valid
584,4,BOM-MAA,Akasa,AK805,2026-10-06,2026-09-29,T+7,Economy,11090.0,2000.0,13090.0,Available,OTA,Valid
585,4,BOM-MAA,Akasa,AK547,2026-10-06,2026-10-05,T+1,Economy,9980.0,1800.0,11780.0,Available,Airline Site,Valid
586,4,CCU-BLR,IndiGo,IN709,2026-10-06,2026-08-22,T+45,Economy,3300.0,590.0,3890.0,Available,OTA,Valid
587,4,CCU-BLR,IndiGo,IN379,2026-10-06,2026-09-06,T+30,Economy,4190.0,750.0,4940.0,Available,OTA,Valid
588,4,CCU-BLR,IndiGo,IN464,2026-10-06,2026-09-21,T+15,Economy,5590.0,1010.0,6600.0,Available,OTA,Valid
589,4,CCU-BLR,IndiGo,IN796,2026-10-06,2026-09-29,T+7,Economy,6120.0,1100.0,7220.0,Available,OTA,Valid
590,4,CCU-BLR,IndiGo,IN733,2026-10-06,2026-10-05,T+1,Economy,6010.0,1080.0,7090.0,Available,Airline Site,Valid
591,4,CCU-BLR,Air India,AI257,2026-10-06,2026-08-22,T+45,Economy,3540.0,640.0,4180.0,Available,Airline Site,Valid
592,4,CCU-BLR,Air India,AI424,2026-10-06,2026-09-06,T+30,Economy,4930.0,890.0,5820.0,Available,Airline Site,Valid
593,4,CCU-BLR,Air India,AI415,2026-10-06,2026-09-21,T+15,Economy,5440.0,980.0,6420.0,Available,OTA,Valid
594,4,CCU-BLR,Air India,AI189,2026-10-06,2026-09-29,T+7,Economy,6090.0,1100.0,7190.0,Available,OTA,Valid
595,4,CCU-BLR,Air India,AI624,2026-10-06,2026-10-05,T+1,Economy,7280.0,1310.0,8590.0,Available,Airline Site,Valid
596,4,CCU-BLR,Akasa,AK711,2026-10-06,2026-08-22,T+45,Economy,3130.0,560.0,3690.0,Available,OTA,Valid
597,4,CCU-BLR,Akasa,AK112,2026-10-06,2026-09-06,T+30,Economy,4410.0,790.0,5200.0,Available,OTA,Valid
598,4,CCU-BLR,Akasa,AK842,2026-10-06,2026-09-21,T+15,Economy,5610.0,1010.0,6620.0,Available,Airline Site,Valid
599,4,CCU-BLR,Akasa,AK273,2026-10-06,2026-09-29,T+7,Economy,6000.0,1080.0,7080.0,Available,Airline Site,Valid
600,4,CCU-BLR,Akasa,AK408,2026-10-06,2026-10-05,T+1,Economy,5790.0,1040.0,6830.0,Available,Airline Site,Valid
601,5,DEL-BOM,IndiGo,IN595,2026-10-13,2026-08-29,T+45,Economy,5690.0,1020.0,6710.0,Available,OTA,Valid
602,5,DEL-BOM,IndiGo,IN352,2026-10-13,2026-09-13,T+30,Economy,7450.0,1340.0,8790.0,Available,OTA,Valid
603,5,DEL-BOM,IndiGo,IN300,2026-10-13,2026-09-28,T+15,Economy,9850.0,1770.0,11620.0,Available,Airline Site,Valid
604,5,DEL-BOM,IndiGo,IN505,2026-10-13,2026-10-06,T+7,Economy,10270.0,1850.0,12120.0,Available,OTA,Valid
605,5,DEL-BOM,IndiGo,IN437,2026-10-13,2026-10-12,T+1,Economy,12380.0,2230.0,14610.0,Available,OTA,Valid
606,5,DEL-BOM,Air India,AI708,2026-10-13,2026-08-29,T+45,Economy,6120.0,1100.0,7220.0,Available,OTA,Valid
607,5,DEL-BOM,Air India,AI811,2026-10-13,2026-09-13,T+30,Economy,8370.0,1510.0,9880.0,Available,OTA,Valid
608,5,DEL-BOM,Air India,AI507,2026-10-13,2026-09-28,T+15,Economy,9750.0,1760.0,11510.0,Available,OTA,Valid
609,5,DEL-BOM,Air India,AI748,2026-10-13,2026-10-06,T+7,Economy,12150.0,2190.0,14340.0,Available,Airline Site,Valid
610,5,DEL-BOM,Air India,AI387,2026-10-13,2026-10-12,T+1,Economy,11880.0,2140.0,14020.0,Available,OTA,Valid
611,5,DEL-BOM,Akasa,AK304,2026-10-13,2026-08-29,T+45,Economy,5610.0,1010.0,6620.0,Available,Airline Site,Valid
612,5,DEL-BOM,Akasa,AK663,2026-10-13,2026-09-13,T+30,Economy,7750.0,1400.0,9150.0,Sold Out,OTA,Valid
613,5,DEL-BOM,Akasa,AK314,2026-10-13,2026-09-28,T+15,Economy,10370.0,1870.0,12240.0,Available,OTA,Valid
614,5,DEL-BOM,Akasa,AK170,2026-10-13,2026-10-06,T+7,Economy,11370.0,2050.0,13420.0,Available,OTA,Valid
615,5,DEL-BOM,Akasa,AK242,2026-10-13,2026-10-12,T+1,Economy,11850.0,2130.0,13980.0,Available,Airline Site,Valid
616,5,DEL-BLR,IndiGo,IN533,2026-10-13,2026-08-29,T+45,Economy,3300.0,590.0,3890.0,Available,Airline Site,Valid
617,5,DEL-BLR,IndiGo,IN712,2026-10-13,2026-09-13,T+30,Economy,4420.0,800.0,5220.0,Available,OTA,Valid
618,5,DEL-BLR,IndiGo,IN990,2026-10-13,2026-09-28,T+15,Economy,5640.0,1020.0,6660.0,Available,Airline Site,Valid
619,5,DEL-BLR,IndiGo,IN468,2026-10-13,2026-10-06,T+7,Economy,6620.0,1190.0,7810.0,Available,Airline Site,Valid
620,5,DEL-BLR,IndiGo,IN354,2026-10-13,2026-10-12,T+1,Economy,6050.0,1090.0,7140.0,Available,OTA,Valid
621,5,DEL-BLR,Air India,AI676,2026-10-13,2026-08-29,T+45,Economy,3240.0,580.0,3820.0,Available,OTA,Valid
622,5,DEL-BLR,Air India,AI439,2026-10-13,2026-09-13,T+30,Economy,4620.0,830.0,5450.0,Available,OTA,Valid
623,5,DEL-BLR,Air India,AI200,2026-10-13,2026-09-28,T+15,Economy,5080.0,910.0,5990.0,Available,Airline Site,Valid
624,5,DEL-BLR,Air India,AI500,2026-10-13,2026-10-06,T+7,Economy,6030.0,1090.0,7120.0,Available,Airline Site,Valid
625,5,DEL-BLR,Air India,AI125,2026-10-13,2026-10-12,T+1,Economy,6310.0,1140.0,7450.0,Available,OTA,Valid
626,5,DEL-BLR,Akasa,AK218,2026-10-13,2026-08-29,T+45,Economy,3410.0,610.0,4020.0,Available,Airline Site,Valid
627,5,DEL-BLR,Akasa,AK451,2026-10-13,2026-09-13,T+30,Economy,4510.0,810.0,5320.0,Available,Airline Site,Valid
628,5,DEL-BLR,Akasa,AK456,2026-10-13,2026-09-28,T+15,Economy,5810.0,1050.0,6860.0,Available,OTA,Valid
629,5,DEL-BLR,Akasa,AK563,2026-10-13,2026-10-06,T+7,Economy,6750.0,1220.0,7970.0,Available,OTA,Valid
630,5,DEL-BLR,Akasa,AK827,2026-10-13,2026-10-12,T+1,Economy,6150.0,1110.0,7260.0,Available,OTA,Valid
631,5,BOM-BLR,IndiGo,IN268,2026-10-13,2026-08-29,T+45,Economy,3180.0,570.0,3750.0,Available,Airline Site,Valid
632,5,BOM-BLR,IndiGo,IN665,2026-10-13,2026-09-13,T+30,Economy,4300.0,770.0,5070.0,Available,OTA,Valid
633,5,BOM-BLR,IndiGo,IN337,2026-10-13,2026-09-28,T+15,Economy,5890.0,1060.0,6950.0,Available,Airline Site,Valid
634,5,BOM-BLR,IndiGo,IN773,2026-10-13,2026-10-06,T+7,Economy,5570.0,1000.0,6570.0,Available,Airline Site,Valid
635,5,BOM-BLR,IndiGo,IN302,2026-10-13,2026-10-12,T+1,Economy,6810.0,1230.0,8040.0,Available,OTA,Valid
636,5,BOM-BLR,Air India,AI310,2026-10-13,2026-08-29,T+45,Economy,3020.0,540.0,3560.0,Available,Airline Site,Valid
637,5,BOM-BLR,Air India,AI918,2026-10-13,2026-09-13,T+30,Economy,4120.0,740.0,4860.0,Available,Airline Site,Valid
638,5,BOM-BLR,Air India,AI301,2026-10-13,2026-09-28,T+15,Economy,5000.0,900.0,5900.0,Available,OTA,Valid
639,5,BOM-BLR,Air India,AI601,2026-10-13,2026-10-06,T+7,Economy,5910.0,1060.0,6970.0,Available,OTA,Valid
640,5,BOM-BLR,Air India,AI725,2026-10-13,2026-10-12,T+1,Economy,6260.0,1130.0,7390.0,Available,Airline Site,Valid
641,5,BOM-BLR,Akasa,AK732,2026-10-13,2026-08-29,T+45,Economy,2990.0,540.0,3530.0,Available,OTA,Valid
642,5,BOM-BLR,Akasa,AK704,2026-10-13,2026-09-13,T+30,Economy,4250.0,760.0,5010.0,Available,Airline Site,Valid
643,5,BOM-BLR,Akasa,AK344,2026-10-13,2026-09-28,T+15,Economy,4900.0,880.0,5780.0,Available,Airline Site,Valid
644,5,BOM-BLR,Akasa,AK244,2026-10-13,2026-10-06,T+7,Economy,5490.0,990.0,6480.0,Available,OTA,Valid
645,5,BOM-BLR,Akasa,AK688,2026-10-13,2026-10-12,T+1,Economy,6210.0,1120.0,7330.0,Available,Airline Site,Valid
646,5,DEL-CCU,IndiGo,IN760,2026-10-13,2026-08-29,T+45,Economy,4170.0,750.0,4920.0,Available,Airline Site,Valid
647,5,DEL-CCU,IndiGo,IN601,2026-10-13,2026-09-13,T+30,Economy,5660.0,1020.0,6680.0,Available,Airline Site,Valid
648,5,DEL-CCU,IndiGo,IN561,2026-10-13,2026-09-28,T+15,Economy,6820.0,1230.0,8050.0,Available,OTA,Valid
649,5,DEL-CCU,IndiGo,IN596,2026-10-13,2026-10-06,T+7,Economy,8650.0,1560.0,10210.0,Available,OTA,Valid
650,5,DEL-CCU,IndiGo,IN617,2026-10-13,2026-10-12,T+1,Economy,9390.0,1690.0,11080.0,Available,OTA,Valid
651,5,DEL-CCU,Air India,AI960,2026-10-13,2026-08-29,T+45,Economy,4330.0,780.0,5110.0,Available,Airline Site,Valid
652,5,DEL-CCU,Air India,AI131,2026-10-13,2026-09-13,T+30,Economy,5540.0,1000.0,6540.0,Available,Airline Site,Valid
653,5,DEL-CCU,Air India,AI381,2026-10-13,2026-09-28,T+15,Economy,7060.0,1270.0,8330.0,Available,OTA,Valid
654,5,DEL-CCU,Air India,AI568,2026-10-13,2026-10-06,T+7,Economy,7560.0,1360.0,8920.0,Available,OTA,Valid
655,5,DEL-CCU,Air India,AI215,2026-10-13,2026-10-12,T+1,Economy,8880.0,1600.0,10480.0,Available,OTA,Valid
656,5,DEL-CCU,Akasa,AK475,2026-10-13,2026-08-29,T+45,Economy,4400.0,790.0,5190.0,Available,Airline Site,Valid
657,5,DEL-CCU,Akasa,AK551,2026-10-13,2026-09-13,T+30,Economy,6130.0,1100.0,7230.0,Available,OTA,Valid
658,5,DEL-CCU,Akasa,AK949,2026-10-13,2026-09-28,T+15,Economy,6900.0,1240.0,8140.0,Available,Airline Site,Valid
659,5,DEL-CCU,Akasa,AK133,2026-10-13,2026-10-06,T+7,Economy,7930.0,1430.0,9360.0,Available,OTA,Valid
660,5,DEL-CCU,Akasa,AK189,2026-10-13,2026-10-12,T+1,Economy,9700.0,1750.0,11450.0,Available,Airline Site,Valid
661,5,DEL-HYD,IndiGo,IN930,2026-10-13,2026-08-29,T+45,Economy,4260.0,770.0,5030.0,Available,OTA,Valid
662,5,DEL-HYD,IndiGo,IN724,2026-10-13,2026-09-13,T+30,Economy,6010.0,1080.0,7090.0,Available,Airline Site,Valid
663,5,DEL-HYD,IndiGo,IN903,2026-10-13,2026-09-28,T+15,Economy,7410.0,1330.0,8740.0,Available,Airline Site,Valid
664,5,DEL-HYD,IndiGo,IN683,2026-10-13,2026-10-06,T+7,Economy,8590.0,1550.0,10140.0,Available,OTA,Valid
665,5,DEL-HYD,IndiGo,IN272,2026-10-13,2026-10-12,T+1,Economy,8840.0,1590.0,10430.0,Available,OTA,Valid
666,5,DEL-HYD,Air India,AI978,2026-10-13,2026-08-29,T+45,Economy,3880.0,700.0,4580.0,Available,Airline Site,Valid
667,5,DEL-HYD,Air India,AI868,2026-10-13,2026-09-13,T+30,Economy,5000.0,900.0,5900.0,Available,Airline Site,Valid
668,5,DEL-HYD,Air India,AI987,2026-10-13,2026-09-28,T+15,Economy,7230.0,1300.0,8530.0,Available,Airline Site,Valid
669,5,DEL-HYD,Air India,AI828,2026-10-13,2026-10-06,T+7,Economy,6910.0,1240.0,8150.0,Available,Airline Site,Valid
670,5,DEL-HYD,Air India,AI792,2026-10-13,2026-10-12,T+1,Economy,8360.0,1500.0,9860.0,Available,Airline Site,Valid
671,5,DEL-HYD,Akasa,AK524,2026-10-13,2026-08-29,T+45,Economy,4110.0,740.0,4850.0,Available,Airline Site,Valid
672,5,DEL-HYD,Akasa,AK887,2026-10-13,2026-09-13,T+30,Economy,5640.0,1020.0,6660.0,Available,OTA,Valid
673,5,DEL-HYD,Akasa,AK998,2026-10-13,2026-09-28,T+15,Economy,7250.0,1300.0,8550.0,Available,OTA,Valid
674,5,DEL-HYD,Akasa,AK102,2026-10-13,2026-10-06,T+7,Economy,7450.0,1340.0,8790.0,Available,Airline Site,Valid
675,5,DEL-HYD,Akasa,AK569,2026-10-13,2026-10-12,T+1,Economy,8790.0,1580.0,10370.0,Available,OTA,Valid
676,5,BOM-HYD,IndiGo,IN507,2026-10-13,2026-08-29,T+45,Economy,4220.0,760.0,4980.0,Available,OTA,Valid
677,5,BOM-HYD,IndiGo,IN606,2026-10-13,2026-09-13,T+30,Economy,5930.0,1070.0,7000.0,Available,OTA,Valid
678,5,BOM-HYD,IndiGo,IN691,2026-10-13,2026-09-28,T+15,Economy,6950.0,1250.0,8200.0,Available,OTA,Valid
679,5,BOM-HYD,IndiGo,IN798,2026-10-13,2026-10-06,T+7,Economy,8480.0,1530.0,10010.0,Available,Airline Site,Valid
680,5,BOM-HYD,IndiGo,IN902,2026-10-13,2026-10-12,T+1,Economy,7730.0,1390.0,9120.0,Available,Airline Site,Valid
681,5,BOM-HYD,Air India,AI551,2026-10-13,2026-08-29,T+45,Economy,3660.0,660.0,4320.0,Available,OTA,Valid
682,5,BOM-HYD,Air India,AI805,2026-10-13,2026-09-13,T+30,Economy,4760.0,860.0,5620.0,Available,OTA,Valid
683,5,BOM-HYD,Air India,AI997,2026-10-13,2026-09-28,T+15,Economy,5810.0,1050.0,6860.0,Available,OTA,Valid
684,5,BOM-HYD,Air India,AI480,2026-10-13,2026-10-06,T+7,Economy,6520.0,1170.0,7690.0,Available,Airline Site,Valid
685,5,BOM-HYD,Air India,AI740,2026-10-13,2026-10-12,T+1,Economy,6610.0,1190.0,7800.0,Available,Airline Site,Valid
686,5,BOM-HYD,Akasa,AK197,2026-10-13,2026-08-29,T+45,Economy,3900.0,700.0,4600.0,Sold Out,OTA,Valid
687,5,BOM-HYD,Akasa,AK707,2026-10-13,2026-09-13,T+30,Economy,4990.0,900.0,5890.0,Available,OTA,Valid
688,5,BOM-HYD,Akasa,AK812,2026-10-13,2026-09-28,T+15,Economy,5990.0,1080.0,7070.0,Available,Airline Site,Valid
689,5,BOM-HYD,Akasa,AK532,2026-10-13,2026-10-06,T+7,Economy,8150.0,1470.0,9620.0,Available,OTA,Valid
690,5,BOM-HYD,Akasa,AK492,2026-10-13,2026-10-12,T+1,Economy,7080.0,1270.0,8350.0,Available,Airline Site,Valid
691,5,BLR-HYD,IndiGo,IN406,2026-10-13,2026-08-29,T+45,Economy,3310.0,600.0,3910.0,Available,Airline Site,Valid
692,5,BLR-HYD,IndiGo,IN793,2026-10-13,2026-09-13,T+30,Economy,4540.0,820.0,5360.0,Available,Airline Site,Valid
693,5,BLR-HYD,IndiGo,IN268,2026-10-13,2026-09-28,T+15,Economy,5740.0,1030.0,6770.0,Available,Airline Site,Valid
694,5,BLR-HYD,IndiGo,IN255,2026-10-13,2026-10-06,T+7,Economy,6420.0,1160.0,7580.0,Available,OTA,Valid
695,5,BLR-HYD,IndiGo,IN188,2026-10-13,2026-10-12,T+1,Economy,7280.0,1310.0,8590.0,Available,Airline Site,Valid
696,5,BLR-HYD,Air India,AI493,2026-10-13,2026-08-29,T+45,Economy,3760.0,680.0,4440.0,Available,OTA,Valid
697,5,BLR-HYD,Air India,AI243,2026-10-13,2026-09-13,T+30,Economy,4960.0,890.0,5850.0,Available,Airline Site,Valid
698,5,BLR-HYD,Air India,AI715,2026-10-13,2026-09-28,T+15,Economy,6080.0,1090.0,7170.0,Available,OTA,Valid
699,5,BLR-HYD,Air India,AI807,2026-10-13,2026-10-06,T+7,Economy,7540.0,1360.0,8900.0,Sold Out,OTA,Valid
700,5,BLR-HYD,Air India,AI721,2026-10-13,2026-10-12,T+1,Economy,7080.0,1270.0,8350.0,Available,OTA,Valid
701,5,BLR-HYD,Akasa,AK912,2026-10-13,2026-08-29,T+45,Economy,3440.0,620.0,4060.0,Available,OTA,Valid
702,5,BLR-HYD,Akasa,AK346,2026-10-13,2026-09-13,T+30,Economy,4580.0,820.0,5400.0,Available,Airline Site,Valid
703,5,BLR-HYD,Akasa,AK112,2026-10-13,2026-09-28,T+15,Economy,5880.0,1060.0,6940.0,Available,OTA,Valid
704,5,BLR-HYD,Akasa,AK981,2026-10-13,2026-10-06,T+7,Economy,5960.0,1070.0,7030.0,Available,OTA,Valid
705,5,BLR-HYD,Akasa,AK799,2026-10-13,2026-10-12,T+1,Economy,6750.0,1220.0,7970.0,Available,OTA,Valid
706,5,DEL-MAA,IndiGo,IN117,2026-10-13,2026-08-29,T+45,Economy,3730.0,670.0,4400.0,Available,Airline Site,Valid
707,5,DEL-MAA,IndiGo,IN140,2026-10-13,2026-09-13,T+30,Economy,4890.0,880.0,5770.0,Available,OTA,Valid
708,5,DEL-MAA,IndiGo,IN743,2026-10-13,2026-09-28,T+15,Economy,6350.0,1140.0,7490.0,Available,OTA,Valid
709,5,DEL-MAA,IndiGo,IN511,2026-10-13,2026-10-06,T+7,Economy,6920.0,1250.0,8170.0,Available,Airline Site,Valid
710,5,DEL-MAA,IndiGo,IN417,2026-10-13,2026-10-12,T+1,Economy,7150.0,1290.0,8440.0,Available,Airline Site,Valid
711,5,DEL-MAA,Air India,AI434,2026-10-13,2026-08-29,T+45,Economy,3740.0,670.0,4410.0,Available,Airline Site,Valid
712,5,DEL-MAA,Air India,AI547,2026-10-13,2026-09-13,T+30,Economy,4930.0,890.0,5820.0,Available,Airline Site,Valid
713,5,DEL-MAA,Air India,AI188,2026-10-13,2026-09-28,T+15,Economy,5810.0,1050.0,6860.0,Available,Airline Site,Valid
714,5,DEL-MAA,Air India,AI723,2026-10-13,2026-10-06,T+7,Economy,6990.0,1260.0,8250.0,Available,Airline Site,Valid
715,5,DEL-MAA,Air India,AI824,2026-10-13,2026-10-12,T+1,Economy,6890.0,1240.0,8130.0,Available,Airline Site,Valid
716,5,DEL-MAA,Akasa,AK635,2026-10-13,2026-08-29,T+45,Economy,3200.0,580.0,3780.0,Available,OTA,Valid
717,5,DEL-MAA,Akasa,AK229,2026-10-13,2026-09-13,T+30,Economy,4140.0,750.0,4890.0,Available,OTA,Valid
718,5,DEL-MAA,Akasa,AK220,2026-10-13,2026-09-28,T+15,Economy,5690.0,1020.0,6710.0,Available,Airline Site,Valid
719,5,DEL-MAA,Akasa,AK539,2026-10-13,2026-10-06,T+7,Economy,5810.0,1050.0,6860.0,Available,Airline Site,Valid
720,5,DEL-MAA,Akasa,AK690,2026-10-13,2026-10-12,T+1,Economy,6110.0,1100.0,7210.0,Available,OTA,Valid
721,5,BOM-MAA,IndiGo,IN611,2026-10-13,2026-08-29,T+45,Economy,5310.0,960.0,6270.0,Available,Airline Site,Valid
722,5,BOM-MAA,IndiGo,IN361,2026-10-13,2026-09-13,T+30,Economy,7050.0,1270.0,8320.0,Available,Airline Site,Valid
723,5,BOM-MAA,IndiGo,IN621,2026-10-13,2026-09-28,T+15,Economy,8540.0,1540.0,10080.0,Sold Out,Airline Site,Valid
724,5,BOM-MAA,IndiGo,IN583,2026-10-13,2026-10-06,T+7,Economy,9440.0,1700.0,11140.0,Available,Airline Site,Valid
725,5,BOM-MAA,IndiGo,IN978,2026-10-13,2026-10-12,T+1,Economy,9920.0,1790.0,11710.0,Sold Out,OTA,Valid
726,5,BOM-MAA,Air India,AI837,2026-10-13,2026-08-29,T+45,Economy,5060.0,910.0,5970.0,Available,Airline Site,Valid
727,5,BOM-MAA,Air India,AI222,2026-10-13,2026-09-13,T+30,Economy,6900.0,1240.0,8140.0,Available,Airline Site,Valid
728,5,BOM-MAA,Air India,AI923,2026-10-13,2026-09-28,T+15,Economy,8070.0,1450.0,9520.0,Available,Airline Site,Valid
729,5,BOM-MAA,Air India,AI170,2026-10-13,2026-10-06,T+7,Economy,10530.0,1900.0,12430.0,Available,OTA,Valid
730,5,BOM-MAA,Air India,AI418,2026-10-13,2026-10-12,T+1,Economy,10940.0,1970.0,12910.0,Available,OTA,Valid
731,5,BOM-MAA,Akasa,AK677,2026-10-13,2026-08-29,T+45,Economy,4840.0,870.0,5710.0,Available,Airline Site,Valid
732,5,BOM-MAA,Akasa,AK705,2026-10-13,2026-09-13,T+30,Economy,6500.0,1170.0,7670.0,Available,Airline Site,Valid
733,5,BOM-MAA,Akasa,AK659,2026-10-13,2026-09-28,T+15,Economy,8600.0,1550.0,10150.0,Available,Airline Site,Valid
734,5,BOM-MAA,Akasa,AK519,2026-10-13,2026-10-06,T+7,Economy,8410.0,1510.0,9920.0,Sold Out,OTA,Valid
735,5,BOM-MAA,Akasa,AK810,2026-10-13,2026-10-12,T+1,Economy,10120.0,1820.0,11940.0,Available,OTA,Valid
736,5,CCU-BLR,IndiGo,IN969,2026-10-13,2026-08-29,T+45,Economy,3030.0,550.0,3580.0,Available,OTA,Valid
737,5,CCU-BLR,IndiGo,IN642,2026-10-13,2026-09-13,T+30,Economy,3890.0,700.0,4590.0,Available,OTA,Valid
738,5,CCU-BLR,IndiGo,IN161,2026-10-13,2026-09-28,T+15,Economy,5140.0,930.0,6070.0,Available,Airline Site,Valid
739,5,CCU-BLR,IndiGo,IN195,2026-10-13,2026-10-06,T+7,Economy,5990.0,1080.0,7070.0,Sold Out,Airline Site,Valid
740,5,CCU-BLR,IndiGo,IN632,2026-10-13,2026-10-12,T+1,Economy,6730.0,1210.0,7940.0,Available,OTA,Valid
741,5,CCU-BLR,Air India,AI694,2026-10-13,2026-08-29,T+45,Economy,3330.0,600.0,3930.0,Available,Airline Site,Valid
742,5,CCU-BLR,Air India,AI503,2026-10-13,2026-09-13,T+30,Economy,4570.0,820.0,5390.0,Available,Airline Site,Valid
743,5,CCU-BLR,Air India,AI233,2026-10-13,2026-09-28,T+15,Economy,5590.0,1010.0,6600.0,Available,OTA,Valid
744,5,CCU-BLR,Air India,AI920,2026-10-13,2026-10-06,T+7,Economy,6780.0,1220.0,8000.0,Available,OTA,Valid
745,5,CCU-BLR,Air India,AI378,2026-10-13,2026-10-12,T+1,Economy,6450.0,1160.0,7610.0,Available,Airline Site,Valid
746,5,CCU-BLR,Akasa,AK211,2026-10-13,2026-08-29,T+45,Economy,3120.0,560.0,3680.0,Available,Airline Site,Valid
747,5,CCU-BLR,Akasa,AK421,2026-10-13,2026-09-13,T+30,Economy,4180.0,750.0,4930.0,Available,OTA,Valid
748,5,CCU-BLR,Akasa,AK312,2026-10-13,2026-09-28,T+15,Economy,5780.0,1040.0,6820.0,Available,OTA,Valid
749,5,CCU-BLR,Akasa,AK222,2026-10-13,2026-10-06,T+7,Economy,5570.0,1000.0,6570.0,Available,OTA,Valid
750,5,CCU-BLR,Akasa,AK813,2026-10-13,2026-10-12,T+1,Economy,6820.0,1230.0,8050.0,Available,Airline Site,Valid
